/*Fall22_S004_3_User*/

INSERT INTO Fall22_S004_3_User (UserID, FirstName, LastName, Address, Gender, DOB) 
VALUES ('U01', 'Kate', 'Perry', '329 N. 6th St., Ossining, NY 10562', 'Female', to_date('06-19-1995', 'MM/DD/RRRR'));
INSERT INTO Fall22_S004_3_User (UserID, FirstName, LastName, Address, Gender, DOB) 
VALUES ('U02', 'Ellia', 'Dixon', '897 Thompson St. Dublin, GA 31021', 'Female', to_date('02-20-1995', 'MM/DD/RRRR'));
INSERT INTO Fall22_S004_3_User (UserID, FirstName, LastName, Address, Gender, DOB) 
VALUES ('U03', 'Julia', 'Harris', '3 Birchpond Street, Madison Heights, MI 48071', 'Female', to_date('08-22-1995', 'MM/DD/RRRR'));
INSERT INTO Fall22_S004_3_User (UserID, FirstName, LastName, Address, Gender, DOB) 
VALUES ('U04', 'Kellan', 'Moore', '656 Clark Ave., Baldwin, NY 11510', 'Male', to_date('03-08-1995', 'MM/DD/RRRR'));
INSERT INTO Fall22_S004_3_User (UserID, FirstName, LastName, Address, Gender, DOB) 
VALUES ('U05', 'Valeria', 'Farrell', '280 E. Grant Ave., Middletown, CT 06457', 'Female', to_date('01-07-2002', 'MM/DD/RRRR'));
INSERT INTO Fall22_S004_3_User (UserID, FirstName, LastName, Address, Gender, DOB) 
VALUES ('U06', 'Aldus', 'Holmes', '170 W. Hill Field Road, Haines City, FL 33844', 'Male', to_date('12-28-1998', 'MM/DD/RRRR'));
INSERT INTO Fall22_S004_3_User (UserID, FirstName, LastName, Address, Gender, DOB) 
VALUES ('U07', 'Kirsten', 'Farrell', '207 Vale Street, Twin Falls, ID 83301', 'Female', to_date('05-27-2001', 'MM/DD/RRRR'));
INSERT INTO Fall22_S004_3_User (UserID, FirstName, LastName, Address, Gender, DOB) 
VALUES ('U08', 'Kate', 'Clark', '8 S. Princess Dr., Eastpointe, MI 48021', 'Female', to_date('05-30-1998', 'MM/DD/RRRR'));
INSERT INTO Fall22_S004_3_User (UserID, FirstName, LastName, Address, Gender, DOB) 
VALUES ('U09', 'Edgar', 'Montgomery', '586 SE. Atlantic Ave., Hudsonville, MI 49426', 'Male', to_date('09-01-1997', 'MM/DD/RRRR'));
INSERT INTO Fall22_S004_3_User (UserID, FirstName, LastName, Address, Gender, DOB) 
VALUES ('U10', 'Amanda', 'Roberts', '7034 Adams St., Danvers, MA 01923', 'Female', to_date('03-29-1998', 'MM/DD/RRRR'));
INSERT INTO Fall22_S004_3_User (UserID, FirstName, LastName, Address, Gender, DOB) 
VALUES ('U11', 'Jasmine', 'Sullivan', '71 Highland Street, Leesburg, VA 20175', 'Female', to_date('11-02-1998', 'MM/DD/RRRR'));
INSERT INTO Fall22_S004_3_User (UserID, FirstName, LastName, Address, Gender, DOB) 
VALUES ('U12', 'Abigail', 'Harrison', '7253 Victoria St., Teaneck, NJ 07666', 'Female', to_date('09-20-1996', 'MM/DD/RRRR'));
INSERT INTO Fall22_S004_3_User (UserID, FirstName, LastName, Address, Gender, DOB) 
VALUES ('U13', 'Lenny', 'Higgins', '40 Indian Spring Lane, Mount Pleasant, SC 29464', 'Male', to_date('06-29-1996', 'MM/DD/RRRR'));
INSERT INTO Fall22_S004_3_User (UserID, FirstName, LastName, Address, Gender, DOB) 
VALUES ('U14', 'Richard', 'Parker', '8160 Cactus Street, Auburn, NY 13021', 'Male', to_date('05-14-1996', 'MM/DD/RRRR'));
INSERT INTO Fall22_S004_3_User (UserID, FirstName, LastName, Address, Gender, DOB) 
VALUES ('U15', 'Adele', 'Watson', '7664 Deerfield Drive, Peabody, MA 01960', 'Female', to_date('03-12-2001', 'MM/DD/RRRR'));
INSERT INTO Fall22_S004_3_User (UserID, FirstName, LastName, Address, Gender, DOB) 
VALUES ('U16', 'Thomas', 'Ross', '88 West St., Moorhead, MN 56560', 'Male', to_date('10-31-2001', 'MM/DD/RRRR'));
INSERT INTO Fall22_S004_3_User (UserID, FirstName, LastName, Address, Gender, DOB) 
VALUES ('U17', 'Rubie', 'Edwards', '400 Euclid Rd., Cincinnati, OH 45211', 'Female', to_date('11-15-1998', 'MM/DD/RRRR'));
INSERT INTO Fall22_S004_3_User (UserID, FirstName, LastName, Address, Gender, DOB) 
VALUES ('U18', 'Alissa', 'Hamilton', '33 Tarkiln Hill Road, Circle Pines, MN 55014', 'Female', to_date('01-26-2000', 'MM/DD/RRRR'));
INSERT INTO Fall22_S004_3_User (UserID, FirstName, LastName, Address, Gender, DOB) 
VALUES ('U19', 'Hailey', 'Watson', '8859 N. Garfield Street, Canonsburg, PA 15317', 'Female', to_date('04-10-1996', 'MM/DD/RRRR'));
INSERT INTO Fall22_S004_3_User (UserID, FirstName, LastName, Address, Gender, DOB) 
VALUES ('U20', 'Kellan', 'Hill', '77 Baker Dr., Hixson, TN 37343', 'Male', to_date('10-17-1998', 'MM/DD/RRRR'));
INSERT INTO Fall22_S004_3_User (UserID, FirstName, LastName, Address, Gender, DOB) 
VALUES ('U21', 'Arnold', 'Harris', '44 Acacia St., Lanham, MD 20706', 'Male', to_date('02-27-2001', 'MM/DD/RRRR'));
INSERT INTO Fall22_S004_3_User (UserID, FirstName, LastName, Address, Gender, DOB) 
VALUES ('U22', 'Kristian', 'Harper', '957 Arcadia Street, Chesterfield, VA 23832', 'Male', to_date('10-29-2001', 'MM/DD/RRRR'));
INSERT INTO Fall22_S004_3_User (UserID, FirstName, LastName, Address, Gender, DOB) 
VALUES ('U23', 'Julian', 'Ryan', '74 Academy Road, Davenport, IA 52804', 'Male', to_date('04-19-2001', 'MM/DD/RRRR'));
INSERT INTO Fall22_S004_3_User (UserID, FirstName, LastName, Address, Gender, DOB) 
VALUES ('U24', 'Adison', 'Miller', '9 Sherwood Drive, Chevy Chase, MD 20815', 'Male', to_date('09-24-1995', 'MM/DD/RRRR'));
INSERT INTO Fall22_S004_3_User (UserID, FirstName, LastName, Address, Gender, DOB) 
VALUES ('U25', 'Rebecca', 'Clark', '329 N. 6th St., Ossining, NY 10562', 'Female', to_date('05-18-1997', 'MM/DD/RRRR'));
INSERT INTO Fall22_S004_3_User (UserID, FirstName, LastName, Address, Gender, DOB) 
VALUES ('U26', 'Amy', 'Barrett', '897 Thompson St. Dublin, GA 31021', 'Female', to_date('01-16-1997', 'MM/DD/RRRR'));
INSERT INTO Fall22_S004_3_User (UserID, FirstName, LastName, Address, Gender, DOB) 
VALUES ('U27', 'Olivia', 'Morgan', '3 Birchpond Street, Madison Heights, MI 48071', 'Female', to_date('08-13-2001', 'MM/DD/RRRR'));
INSERT INTO Fall22_S004_3_User (UserID, FirstName, LastName, Address, Gender, DOB) 
VALUES ('U28', 'Leonardo', 'Kelly', '656 Clark Ave., Baldwin, NY 11510', 'Male', to_date('06-10-2000', 'MM/DD/RRRR'));
INSERT INTO Fall22_S004_3_User (UserID, FirstName, LastName, Address, Gender, DOB) 
VALUES ('U29', 'Chelsea', 'Baker', '280 E. Grant Ave., Middletown, CT 06457', 'Female', to_date('09-21-1999', 'MM/DD/RRRR'));
INSERT INTO Fall22_S004_3_User (UserID, FirstName, LastName, Address, Gender, DOB) 
VALUES ('U30', 'Grace', 'Fowler', '170 W. Hill Field Road, Haines City, FL 33844', 'Female', to_date('06-15-1999', 'MM/DD/RRRR'));
INSERT INTO Fall22_S004_3_User (UserID, FirstName, LastName, Address, Gender, DOB) 
VALUES ('U31', 'Daryl', 'Stevens', '207 Vale Street, Twin Falls, ID 83301', 'Male', to_date('01-08-2001', 'MM/DD/RRRR'));
INSERT INTO Fall22_S004_3_User (UserID, FirstName, LastName, Address, Gender, DOB) 
VALUES ('U32', 'Harold', 'Turner', '8 S. Princess Dr., Eastpointe, MI 48021', 'Male', to_date('11-21-1996', 'MM/DD/RRRR'));
INSERT INTO Fall22_S004_3_User (UserID, FirstName, LastName, Address, Gender, DOB) 
VALUES ('U33', 'Julian', 'Richards', '586 SE. Atlantic Ave., Hudsonville, MI 49426', 'Male', to_date('06-24-1995', 'MM/DD/RRRR'));
INSERT INTO Fall22_S004_3_User (UserID, FirstName, LastName, Address, Gender, DOB) 
VALUES ('U34', 'Adrianna', 'Casey', '7034 Adams St., Danvers, MA 01923', 'Female', to_date('02-12-1996', 'MM/DD/RRRR'));
INSERT INTO Fall22_S004_3_User (UserID, FirstName, LastName, Address, Gender, DOB) 
VALUES ('U35', 'Alberta', 'West', '71 Highland Street, Leesburg, VA 20175', 'Female', to_date('09-07-1997', 'MM/DD/RRRR'));
INSERT INTO Fall22_S004_3_User (UserID, FirstName, LastName, Address, Gender, DOB) 
VALUES ('U36', 'Brad', 'Campbell', '7253 Victoria St., Teaneck, NJ 07666', 'Male', to_date('11-24-1995', 'MM/DD/RRRR'));
INSERT INTO Fall22_S004_3_User (UserID, FirstName, LastName, Address, Gender, DOB) 
VALUES ('U37', 'Andrew', 'Edwards', '40 Indian Spring Lane, Mount Pleasant, SC 29464', 'Male', to_date('07-25-1999', 'MM/DD/RRRR'));
INSERT INTO Fall22_S004_3_User (UserID, FirstName, LastName, Address, Gender, DOB) 
VALUES ('U38', 'Marcus', 'Anderson', '8160 Cactus Street, Auburn, NY 13021', 'Male', to_date('03-03-2002', 'MM/DD/RRRR'));
INSERT INTO Fall22_S004_3_User (UserID, FirstName, LastName, Address, Gender, DOB) 
VALUES ('U39', 'Aston', 'Wright', '7664 Deerfield Drive, Peabody, MA 01960', 'Male', to_date('12-10-1997', 'MM/DD/RRRR'));
INSERT INTO Fall22_S004_3_User (UserID, FirstName, LastName, Address, Gender, DOB) 
VALUES ('U40', 'Emma', 'Robinson', '88 West St., Moorhead, MN 56560', 'Female', to_date('04-15-2001', 'MM/DD/RRRR'));
INSERT INTO Fall22_S004_3_User (UserID, FirstName, LastName, Address, Gender, DOB) 
VALUES ('U41', 'Dale', 'Armstrong', '400 Euclid Rd., Cincinnati, OH 45211', 'Male', to_date('01-19-1999', 'MM/DD/RRRR'));
INSERT INTO Fall22_S004_3_User (UserID, FirstName, LastName, Address, Gender, DOB) 
VALUES ('U42', 'Bruce', 'Morris', '33 Tarkiln Hill Road, Circle Pines, MN 55014', 'Male', to_date('06-30-1995', 'MM/DD/RRRR'));
INSERT INTO Fall22_S004_3_User (UserID, FirstName, LastName, Address, Gender, DOB) 
VALUES ('U43', 'Patrick', 'Gibson', '8859 N. Garfield Street, Canonsburg, PA 15317', 'Male', to_date('11-13-1997', 'MM/DD/RRRR'));
INSERT INTO Fall22_S004_3_User (UserID, FirstName, LastName, Address, Gender, DOB) 
VALUES ('U44', 'Arnold', 'Lloyd', '77 Baker Dr., Hixson, TN 37343', 'Male', to_date('09-14-2000', 'MM/DD/RRRR'));
INSERT INTO Fall22_S004_3_User (UserID, FirstName, LastName, Address, Gender, DOB) 
VALUES ('U45', 'Marcus', 'Lloyd', '44 Acacia St., Lanham, MD 20706', 'Male', to_date('09-09-1995', 'MM/DD/RRRR'));
INSERT INTO Fall22_S004_3_User (UserID, FirstName, LastName, Address, Gender, DOB) 
VALUES ('U46', 'Lenny', 'Clark', '957 Arcadia Street, Chesterfield, VA 23832', 'Male', to_date('08-11-1995', 'MM/DD/RRRR'));
INSERT INTO Fall22_S004_3_User (UserID, FirstName, LastName, Address, Gender, DOB) 
VALUES ('U47', 'Elise', 'Spencer', '74 Academy Road, Davenport, IA 52804', 'Female', to_date('09-04-1997', 'MM/DD/RRRR'));
INSERT INTO Fall22_S004_3_User (UserID, FirstName, LastName, Address, Gender, DOB) 
VALUES ('U48', 'Vivian', 'Lloyd', '9 Sherwood Drive, Chevy Chase, MD 20815', 'Female', to_date('08-22-1999', 'MM/DD/RRRR'));
INSERT INTO Fall22_S004_3_User (UserID, FirstName, LastName, Address, Gender, DOB) 
VALUES ('U49', 'Maximilian', 'Cameron', '329 N. 6th St., Ossining, NY 10562', 'Male', to_date('09-01-2000', 'MM/DD/RRRR'));
INSERT INTO Fall22_S004_3_User (UserID, FirstName, LastName, Address, Gender, DOB) 
VALUES ('U50', 'Lenny', 'Morris', '897 Thompson St. Dublin, GA 31021', 'Male', to_date('11-02-1995', 'MM/DD/RRRR'));
INSERT INTO Fall22_S004_3_User (UserID, FirstName, LastName, Address, Gender, DOB) 
VALUES ('U51', 'Florrie', 'Roberts', '3 Birchpond Street, Madison Heights, MI 48071', 'Female', to_date('05-09-1995', 'MM/DD/RRRR'));
INSERT INTO Fall22_S004_3_User (UserID, FirstName, LastName, Address, Gender, DOB) 
VALUES ('U52', 'Sawyer', 'Taylor', '656 Clark Ave., Baldwin, NY 11510', 'Male', to_date('10-01-1996', 'MM/DD/RRRR'));
INSERT INTO Fall22_S004_3_User (UserID, FirstName, LastName, Address, Gender, DOB) 
VALUES ('U53', 'Fiona', 'Kelley', '280 E. Grant Ave., Middletown, CT 06457', 'Female', to_date('12-14-1995', 'MM/DD/RRRR'));
INSERT INTO Fall22_S004_3_User (UserID, FirstName, LastName, Address, Gender, DOB) 
VALUES ('U54', 'Edwin', 'Kelley', '170 W. Hill Field Road, Haines City, FL 33844', 'Male', to_date('09-04-2001', 'MM/DD/RRRR'));
INSERT INTO Fall22_S004_3_User (UserID, FirstName, LastName, Address, Gender, DOB) 
VALUES ('U55', 'Olivia', 'Anderson', '207 Vale Street, Twin Falls, ID 83301', 'Female', to_date('02-20-1997', 'MM/DD/RRRR'));
INSERT INTO Fall22_S004_3_User (UserID, FirstName, LastName, Address, Gender, DOB) 
VALUES ('U56', 'William', 'Walker', '8 S. Princess Dr., Eastpointe, MI 48021', 'Male', to_date('09-02-1995', 'MM/DD/RRRR'));
INSERT INTO Fall22_S004_3_User (UserID, FirstName, LastName, Address, Gender, DOB) 
VALUES ('U57', 'Lilianna', 'Douglas', '586 SE. Atlantic Ave., Hudsonville, MI 49426', 'Female', to_date('11-17-1998', 'MM/DD/RRRR'));
INSERT INTO Fall22_S004_3_User (UserID, FirstName, LastName, Address, Gender, DOB) 
VALUES ('U58', 'Savana', 'Stewart', '7034 Adams St., Danvers, MA 01923', 'Female', to_date('05-19-1999', 'MM/DD/RRRR'));
INSERT INTO Fall22_S004_3_User (UserID, FirstName, LastName, Address, Gender, DOB) 
VALUES ('U59', 'Garry', 'Murphy', '71 Highland Street, Leesburg, VA 20175', 'Male', to_date('08-19-1997', 'MM/DD/RRRR'));
INSERT INTO Fall22_S004_3_User (UserID, FirstName, LastName, Address, Gender, DOB) 
VALUES ('U60', 'Maximilian', 'Edwards', '7253 Victoria St., Teaneck, NJ 07666', 'Male', to_date('09-18-1995', 'MM/DD/RRRR'));
INSERT INTO Fall22_S004_3_User (UserID, FirstName, LastName, Address, Gender, DOB) 
VALUES ('U61', 'Miley', 'Cameron', '40 Indian Spring Lane, Mount Pleasant, SC 29464', 'Female', to_date('12-28-1999', 'MM/DD/RRRR'));
INSERT INTO Fall22_S004_3_User (UserID, FirstName, LastName, Address, Gender, DOB) 
VALUES ('U62', 'Alina', 'Perkins', '8160 Cactus Street, Auburn, NY 13021', 'Female', to_date('10-14-2001', 'MM/DD/RRRR'));
INSERT INTO Fall22_S004_3_User (UserID, FirstName, LastName, Address, Gender, DOB) 
VALUES ('U63', 'Jared', 'Alexander', '7664 Deerfield Drive, Peabody, MA 01960', 'Male', to_date('03-18-1997', 'MM/DD/RRRR'));
INSERT INTO Fall22_S004_3_User (UserID, FirstName, LastName, Address, Gender, DOB) 
VALUES ('U64', 'Daryl', 'Walker', '88 West St., Moorhead, MN 56560', 'Male', to_date('02-12-1996', 'MM/DD/RRRR'));
INSERT INTO Fall22_S004_3_User (UserID, FirstName, LastName, Address, Gender, DOB) 
VALUES ('U65', 'Eddy', 'Douglas', '400 Euclid Rd., Cincinnati, OH 45211', 'Male', to_date('05-26-1996', 'MM/DD/RRRR'));
INSERT INTO Fall22_S004_3_User (UserID, FirstName, LastName, Address, Gender, DOB) 
VALUES ('U66', 'Adison', 'Ross', '33 Tarkiln Hill Road, Circle Pines, MN 55014', 'Male', to_date('03-26-1996', 'MM/DD/RRRR'));
INSERT INTO Fall22_S004_3_User (UserID, FirstName, LastName, Address, Gender, DOB) 
VALUES ('U67', 'Kellan', 'Scott', '8859 N. Garfield Street, Canonsburg, PA 15317', 'Male', to_date('02-15-1995', 'MM/DD/RRRR'));
INSERT INTO Fall22_S004_3_User (UserID, FirstName, LastName, Address, Gender, DOB) 
VALUES ('U68', 'Jessica', 'Lloyd', '77 Baker Dr., Hixson, TN 37343', 'Female', to_date('04-18-1996', 'MM/DD/RRRR'));
INSERT INTO Fall22_S004_3_User (UserID, FirstName, LastName, Address, Gender, DOB) 
VALUES ('U69', 'Brianna', 'Cameron', '44 Acacia St., Lanham, MD 20706', 'Female', to_date('06-09-1997', 'MM/DD/RRRR'));
INSERT INTO Fall22_S004_3_User (UserID, FirstName, LastName, Address, Gender, DOB) 
VALUES ('U70', 'Sofia', 'Richardson', '957 Arcadia Street, Chesterfield, VA 23832', 'Female', to_date('04-23-1999', 'MM/DD/RRRR'));
INSERT INTO Fall22_S004_3_User (UserID, FirstName, LastName, Address, Gender, DOB) 
VALUES ('U71', 'Marcus', 'Reed', '74 Academy Road, Davenport, IA 52804', 'Male', to_date('03-29-2002', 'MM/DD/RRRR'));
INSERT INTO Fall22_S004_3_User (UserID, FirstName, LastName, Address, Gender, DOB) 
VALUES ('U72', 'Eric', 'Carter', '9 Sherwood Drive, Chevy Chase, MD 20815', 'Male', to_date('09-04-1998', 'MM/DD/RRRR'));
INSERT INTO Fall22_S004_3_User (UserID, FirstName, LastName, Address, Gender, DOB) 
VALUES ('U73', 'Adele', 'Craig', '329 N. 6th St., Ossining, NY 10562', 'Female', to_date('05-25-2001', 'MM/DD/RRRR'));
INSERT INTO Fall22_S004_3_User (UserID, FirstName, LastName, Address, Gender, DOB) 
VALUES ('U74', 'Edwin', 'Bennett', '897 Thompson St. Dublin, GA 31021', 'Male', to_date('12-01-1997', 'MM/DD/RRRR'));
INSERT INTO Fall22_S004_3_User (UserID, FirstName, LastName, Address, Gender, DOB) 
VALUES ('U75', 'Agata', 'Foster', '3 Birchpond Street, Madison Heights, MI 48071', 'Female', to_date('04-16-2002', 'MM/DD/RRRR'));
INSERT INTO Fall22_S004_3_User (UserID, FirstName, LastName, Address, Gender, DOB) 
VALUES ('U76', 'Vivian', 'Robinson', '656 Clark Ave., Baldwin, NY 11510', 'Female', to_date('09-27-1996', 'MM/DD/RRRR'));
INSERT INTO Fall22_S004_3_User (UserID, FirstName, LastName, Address, Gender, DOB) 
VALUES ('U77', 'Lilianna', 'Miller', '280 E. Grant Ave., Middletown, CT 06457', 'Female', to_date('05-03-2000', 'MM/DD/RRRR'));
INSERT INTO Fall22_S004_3_User (UserID, FirstName, LastName, Address, Gender, DOB) 
VALUES ('U78', 'Myra', 'Clark', '170 W. Hill Field Road, Haines City, FL 33844', 'Female', to_date('05-19-1999', 'MM/DD/RRRR'));
INSERT INTO Fall22_S004_3_User (UserID, FirstName, LastName, Address, Gender, DOB) 
VALUES ('U79', 'Marcus', 'Watson', '207 Vale Street, Twin Falls, ID 83301', 'Male', to_date('11-25-2001', 'MM/DD/RRRR'));
INSERT INTO Fall22_S004_3_User (UserID, FirstName, LastName, Address, Gender, DOB) 
VALUES ('U80', 'Rubie', 'Watson', '8 S. Princess Dr., Eastpointe, MI 48021', 'Female', to_date('01-03-1998', 'MM/DD/RRRR'));
INSERT INTO Fall22_S004_3_User (UserID, FirstName, LastName, Address, Gender, DOB) 
VALUES ('U81', 'Amelia', 'Wilson', '586 SE. Atlantic Ave., Hudsonville, MI 49426', 'Female', to_date('09-11-2001', 'MM/DD/RRRR'));
INSERT INTO Fall22_S004_3_User (UserID, FirstName, LastName, Address, Gender, DOB) 
VALUES ('U82', 'Ashton', 'Campbell', '7034 Adams St., Danvers, MA 01923', 'Male', to_date('12-03-1997', 'MM/DD/RRRR'));
INSERT INTO Fall22_S004_3_User (UserID, FirstName, LastName, Address, Gender, DOB) 
VALUES ('U83', 'Stuart', 'Williams', '71 Highland Street, Leesburg, VA 20175', 'Male', to_date('08-20-1995', 'MM/DD/RRRR'));
INSERT INTO Fall22_S004_3_User (UserID, FirstName, LastName, Address, Gender, DOB) 
VALUES ('U84', 'Caroline', 'Evans', '7253 Victoria St., Teaneck, NJ 07666', 'Female', to_date('07-08-1999', 'MM/DD/RRRR'));
INSERT INTO Fall22_S004_3_User (UserID, FirstName, LastName, Address, Gender, DOB) 
VALUES ('U85', 'Florrie', 'Crawford', '40 Indian Spring Lane, Mount Pleasant, SC 29464', 'Female', to_date('07-18-1999', 'MM/DD/RRRR'));
INSERT INTO Fall22_S004_3_User (UserID, FirstName, LastName, Address, Gender, DOB) 
VALUES ('U86', 'Sawyer', 'Stevens', '8160 Cactus Street, Auburn, NY 13021', 'Male', to_date('08-16-2000', 'MM/DD/RRRR'));
INSERT INTO Fall22_S004_3_User (UserID, FirstName, LastName, Address, Gender, DOB) 
VALUES ('U87', 'David', 'Taylor', '7664 Deerfield Drive, Peabody, MA 01960', 'Male', to_date('01-09-1995', 'MM/DD/RRRR'));
INSERT INTO Fall22_S004_3_User (UserID, FirstName, LastName, Address, Gender, DOB) 
VALUES ('U88', 'Kevin', 'Tucker', '88 West St., Moorhead, MN 56560', 'Male', to_date('03-26-1998', 'MM/DD/RRRR'));
INSERT INTO Fall22_S004_3_User (UserID, FirstName, LastName, Address, Gender, DOB) 
VALUES ('U89', 'Michelle', 'Payne', '400 Euclid Rd., Cincinnati, OH 45211', 'Female', to_date('11-13-2001', 'MM/DD/RRRR'));
INSERT INTO Fall22_S004_3_User (UserID, FirstName, LastName, Address, Gender, DOB) 
VALUES ('U90', 'Arianna', 'Ferguson', '33 Tarkiln Hill Road, Circle Pines, MN 55014', 'Female', to_date('08-02-1995', 'MM/DD/RRRR'));
INSERT INTO Fall22_S004_3_User (UserID, FirstName, LastName, Address, Gender, DOB) 
VALUES ('U91', 'Kate', 'Evans', '8859 N. Garfield Street, Canonsburg, PA 15317', 'Female', to_date('07-04-1998', 'MM/DD/RRRR'));
INSERT INTO Fall22_S004_3_User (UserID, FirstName, LastName, Address, Gender, DOB) 
VALUES ('U92', 'Byron', 'Chapman', '77 Baker Dr., Hixson, TN 37343', 'Male', to_date('04-25-1999', 'MM/DD/RRRR'));
INSERT INTO Fall22_S004_3_User (UserID, FirstName, LastName, Address, Gender, DOB) 
VALUES ('U93', 'Lana', 'Nelson', '44 Acacia St., Lanham, MD 20706', 'Female', to_date('03-21-2002', 'MM/DD/RRRR'));
INSERT INTO Fall22_S004_3_User (UserID, FirstName, LastName, Address, Gender, DOB) 
VALUES ('U94', 'Cherry', 'Sullivan', '957 Arcadia Street, Chesterfield, VA 23832', 'Female', to_date('05-15-1996', 'MM/DD/RRRR'));
INSERT INTO Fall22_S004_3_User (UserID, FirstName, LastName, Address, Gender, DOB) 
VALUES ('U95', 'Amelia', 'Reed', '74 Academy Road, Davenport, IA 52804', 'Female', to_date('03-11-1996', 'MM/DD/RRRR'));
INSERT INTO Fall22_S004_3_User (UserID, FirstName, LastName, Address, Gender, DOB) 
VALUES ('U96', 'Sofia', 'Adams', '9 Sherwood Drive, Chevy Chase, MD 20815', 'Female', to_date('08-16-1996', 'MM/DD/RRRR'));
INSERT INTO Fall22_S004_3_User (UserID, FirstName, LastName, Address, Gender, DOB) 
VALUES ('U97', 'Derek', 'Hawkins', '936 Bellevue Drive, Portage, IN 46368', 'Male', to_date('05-14-1995', 'MM/DD/RRRR'));
INSERT INTO Fall22_S004_3_User (UserID, FirstName, LastName, Address, Gender, DOB) 
VALUES ('U98', 'Florrie', 'Johnson', '92 Cross Street, Ridgewood, NJ 07450', 'Female', to_date('08-11-1999', 'MM/DD/RRRR'));
INSERT INTO Fall22_S004_3_User (UserID, FirstName, LastName, Address, Gender, DOB) 
VALUES ('U99', 'Heather', 'Nelson', '7442 Studebaker Avenue, New York, NY 10002', 'Female', to_date('07-06-2000', 'MM/DD/RRRR'));
INSERT INTO Fall22_S004_3_User (UserID, FirstName, LastName, Address, Gender, DOB) 
VALUES ('U100', 'Alina', 'Gibson', '930 West Greenview Ave., Sylvania, OH 43560', 'Female', to_date('03-24-2000', 'MM/DD/RRRR'));





/*Fall22_S004_3_Admin*/
INSERT INTO Fall22_S004_3_Admin (UserID) 
VALUES ('U51');

INSERT INTO Fall22_S004_3_Admin (UserID) 
VALUES ('U52');

INSERT INTO Fall22_S004_3_Admin (UserID) 
VALUES ('U53');

INSERT INTO Fall22_S004_3_Admin (UserID) 
VALUES ('U54');

INSERT INTO Fall22_S004_3_Admin (UserID) 
VALUES ('U55');

INSERT INTO Fall22_S004_3_Admin (UserID) 
VALUES ('U56');

INSERT INTO Fall22_S004_3_Admin (UserID) 
VALUES ('U57');

INSERT INTO Fall22_S004_3_Admin (UserID) 
VALUES ('U58');

INSERT INTO Fall22_S004_3_Admin (UserID) 
VALUES ('U59');

INSERT INTO Fall22_S004_3_Admin (UserID) 
VALUES ('U60');

INSERT INTO Fall22_S004_3_Admin (UserID) 
VALUES ('U61');

INSERT INTO Fall22_S004_3_Admin (UserID) 
VALUES ('U62');

INSERT INTO Fall22_S004_3_Admin (UserID) 
VALUES ('U63');

INSERT INTO Fall22_S004_3_Admin (UserID) 
VALUES ('U64');

INSERT INTO Fall22_S004_3_Admin (UserID) 
VALUES ('U65');

INSERT INTO Fall22_S004_3_Admin (UserID) 
VALUES ('U66');

INSERT INTO Fall22_S004_3_Admin (UserID) 
VALUES ('U67');

INSERT INTO Fall22_S004_3_Admin (UserID) 
VALUES ('U68');

INSERT INTO Fall22_S004_3_Admin (UserID) 
VALUES ('U69');

INSERT INTO Fall22_S004_3_Admin (UserID) 
VALUES ('U70');

INSERT INTO Fall22_S004_3_Admin (UserID) 
VALUES ('U71');

INSERT INTO Fall22_S004_3_Admin (UserID) 
VALUES ('U72');

INSERT INTO Fall22_S004_3_Admin (UserID) 
VALUES ('U73');

INSERT INTO Fall22_S004_3_Admin (UserID) 
VALUES ('U74');

INSERT INTO Fall22_S004_3_Admin (UserID) 
VALUES ('U75');

INSERT INTO Fall22_S004_3_Admin (UserID) 
VALUES ('U76');

INSERT INTO Fall22_S004_3_Admin (UserID) 
VALUES ('U77');

INSERT INTO Fall22_S004_3_Admin (UserID) 
VALUES ('U78');

INSERT INTO Fall22_S004_3_Admin (UserID) 
VALUES ('U79');

INSERT INTO Fall22_S004_3_Admin (UserID) 
VALUES ('U80');

INSERT INTO Fall22_S004_3_Admin (UserID) 
VALUES ('U81');

INSERT INTO Fall22_S004_3_Admin (UserID) 
VALUES ('U82');

INSERT INTO Fall22_S004_3_Admin (UserID) 
VALUES ('U83');

INSERT INTO Fall22_S004_3_Admin (UserID) 
VALUES ('U84');

INSERT INTO Fall22_S004_3_Admin (UserID) 
VALUES ('U85');

INSERT INTO Fall22_S004_3_Admin (UserID) 
VALUES ('U86');

INSERT INTO Fall22_S004_3_Admin (UserID) 
VALUES ('U87');

INSERT INTO Fall22_S004_3_Admin (UserID) 
VALUES ('U88');

INSERT INTO Fall22_S004_3_Admin (UserID) 
VALUES ('U89');

INSERT INTO Fall22_S004_3_Admin (UserID) 
VALUES ('U90');

INSERT INTO Fall22_S004_3_Admin (UserID) 
VALUES ('U91');

INSERT INTO Fall22_S004_3_Admin (UserID) 
VALUES ('U92');

INSERT INTO Fall22_S004_3_Admin (UserID) 
VALUES ('U93');

INSERT INTO Fall22_S004_3_Admin (UserID) 
VALUES ('U94');

INSERT INTO Fall22_S004_3_Admin (UserID) 
VALUES ('U95');

INSERT INTO Fall22_S004_3_Admin (UserID) 
VALUES ('U96');

INSERT INTO Fall22_S004_3_Admin (UserID) 
VALUES ('U97');

INSERT INTO Fall22_S004_3_Admin (UserID) 
VALUES ('U98');

INSERT INTO Fall22_S004_3_Admin (UserID) 
VALUES ('U99');

INSERT INTO Fall22_S004_3_Admin (UserID) 
VALUES ('U100');

/*Fall22_S004_3_Student*/
INSERT INTO Fall22_S004_3_Student (UserID, Major, RegisterDate) 
VALUES ('U01', 'Computer Science', to_date('02-12-2021', 'MM/DD/RRRR'));
INSERT INTO Fall22_S004_3_Student (UserID, Major, RegisterDate) 
VALUES ('U02', 'Architecture', to_date('08-05-2020', 'MM/DD/RRRR'));
INSERT INTO Fall22_S004_3_Student (UserID, Major, RegisterDate) 
VALUES ('U03', 'Social work', to_date('11-05-2021', 'MM/DD/RRRR'));
INSERT INTO Fall22_S004_3_Student (UserID, Major, RegisterDate) 
VALUES ('U04', 'Education', to_date('01-08-2019', 'MM/DD/RRRR'));
INSERT INTO Fall22_S004_3_Student (UserID, Major, RegisterDate) 
VALUES ('U05', 'Nursing', to_date('07-18-2022', 'MM/DD/RRRR'));
INSERT INTO Fall22_S004_3_Student (UserID, Major, RegisterDate) 
VALUES ('U06', 'Civil Engineering', to_date('11-12-2022', 'MM/DD/RRRR'));
INSERT INTO Fall22_S004_3_Student (UserID, Major, RegisterDate) 
VALUES ('U07', 'Construction Management', to_date('08-05-2021', 'MM/DD/RRRR'));
INSERT INTO Fall22_S004_3_Student (UserID, Major, RegisterDate) 
VALUES ('U08', 'Biotechnology', to_date('10-13-2019', 'MM/DD/RRRR'));
INSERT INTO Fall22_S004_3_Student (UserID, Major, RegisterDate) 
VALUES ('U09', 'Industrial Engineering', to_date('11-02-2018', 'MM/DD/RRRR'));
INSERT INTO Fall22_S004_3_Student (UserID, Major, RegisterDate) 
VALUES ('U10', 'Mechanical Engineering', to_date('12-22-2018', 'MM/DD/RRRR'));
INSERT INTO Fall22_S004_3_Student (UserID, Major, RegisterDate) 
VALUES ('U11', 'Nanotechnology', to_date('04-17-2020', 'MM/DD/RRRR'));
INSERT INTO Fall22_S004_3_Student (UserID, Major, RegisterDate) 
VALUES ('U12', 'Biomedical Engineering', to_date('03-01-2022', 'MM/DD/RRRR'));
INSERT INTO Fall22_S004_3_Student (UserID, Major, RegisterDate) 
VALUES ('U13', 'Business Analytics', to_date('03-05-2017', 'MM/DD/RRRR'));
INSERT INTO Fall22_S004_3_Student (UserID, Major, RegisterDate) 
VALUES ('U14', 'Information Systems', to_date('02-07-2021', 'MM/DD/RRRR'));
INSERT INTO Fall22_S004_3_Student (UserID, Major, RegisterDate) 
VALUES ('U15', 'Computer Science', to_date('07-18-2020', 'MM/DD/RRRR'));
INSERT INTO Fall22_S004_3_Student (UserID, Major, RegisterDate) 
VALUES ('U16', 'Architecture', to_date('02-12-2021', 'MM/DD/RRRR'));
INSERT INTO Fall22_S004_3_Student (UserID, Major, RegisterDate) 
VALUES ('U17', 'Social work', to_date('08-05-2020', 'MM/DD/RRRR'));
INSERT INTO Fall22_S004_3_Student (UserID, Major, RegisterDate) 
VALUES ('U18', 'Education', to_date('11-05-2021', 'MM/DD/RRRR'));
INSERT INTO Fall22_S004_3_Student (UserID, Major, RegisterDate) 
VALUES ('U19', 'Nursing', to_date('01-08-2019', 'MM/DD/RRRR'));
INSERT INTO Fall22_S004_3_Student (UserID, Major, RegisterDate) 
VALUES ('U20', 'Civil Engineering', to_date('07-18-2022', 'MM/DD/RRRR'));
INSERT INTO Fall22_S004_3_Student (UserID, Major, RegisterDate) 
VALUES ('U21', 'Construction Management', to_date('11-12-2022', 'MM/DD/RRRR'));
INSERT INTO Fall22_S004_3_Student (UserID, Major, RegisterDate) 
VALUES ('U22', 'Biotechnology', to_date('08-05-2021', 'MM/DD/RRRR'));
INSERT INTO Fall22_S004_3_Student (UserID, Major, RegisterDate) 
VALUES ('U23', 'Industrial Engineering', to_date('10-13-2019', 'MM/DD/RRRR'));
INSERT INTO Fall22_S004_3_Student (UserID, Major, RegisterDate) 
VALUES ('U24', 'Mechanical Engineering', to_date('11-02-2018', 'MM/DD/RRRR'));
INSERT INTO Fall22_S004_3_Student (UserID, Major, RegisterDate) 
VALUES ('U25', 'Nanotechnology', to_date('12-22-2018', 'MM/DD/RRRR'));
INSERT INTO Fall22_S004_3_Student (UserID, Major, RegisterDate) 
VALUES ('U26', 'Biomedical Engineering', to_date('04-17-2020', 'MM/DD/RRRR'));
INSERT INTO Fall22_S004_3_Student (UserID, Major, RegisterDate) 
VALUES ('U27', 'Business Analytics', to_date('03-01-2022', 'MM/DD/RRRR'));
INSERT INTO Fall22_S004_3_Student (UserID, Major, RegisterDate) 
VALUES ('U28', 'Information Systems', to_date('03-05-2017', 'MM/DD/RRRR'));
INSERT INTO Fall22_S004_3_Student (UserID, Major, RegisterDate) 
VALUES ('U29', 'Computer Science', to_date('02-07-2021', 'MM/DD/RRRR'));
INSERT INTO Fall22_S004_3_Student (UserID, Major, RegisterDate) 
VALUES ('U30', 'Architecture', to_date('07-18-2020', 'MM/DD/RRRR'));
INSERT INTO Fall22_S004_3_Student (UserID, Major, RegisterDate) 
VALUES ('U31', 'Social work', to_date('02-12-2021', 'MM/DD/RRRR'));
INSERT INTO Fall22_S004_3_Student (UserID, Major, RegisterDate) 
VALUES ('U32', 'Education', to_date('08-05-2020', 'MM/DD/RRRR'));
INSERT INTO Fall22_S004_3_Student (UserID, Major, RegisterDate) 
VALUES ('U33', 'Nursing', to_date('11-05-2021', 'MM/DD/RRRR'));
INSERT INTO Fall22_S004_3_Student (UserID, Major, RegisterDate) 
VALUES ('U34', 'Civil Engineering', to_date('01-08-2019', 'MM/DD/RRRR'));
INSERT INTO Fall22_S004_3_Student (UserID, Major, RegisterDate) 
VALUES ('U35', 'Construction Management', to_date('07-18-2022', 'MM/DD/RRRR'));
INSERT INTO Fall22_S004_3_Student (UserID, Major, RegisterDate) 
VALUES ('U36', 'Biotechnology', to_date('11-12-2022', 'MM/DD/RRRR'));
INSERT INTO Fall22_S004_3_Student (UserID, Major, RegisterDate) 
VALUES ('U37', 'Industrial Engineering', to_date('08-05-2021', 'MM/DD/RRRR'));
INSERT INTO Fall22_S004_3_Student (UserID, Major, RegisterDate) 
VALUES ('U38', 'Mechanical Engineering', to_date('10-13-2019', 'MM/DD/RRRR'));
INSERT INTO Fall22_S004_3_Student (UserID, Major, RegisterDate) 
VALUES ('U39', 'Nanotechnology', to_date('11-02-2018', 'MM/DD/RRRR'));
INSERT INTO Fall22_S004_3_Student (UserID, Major, RegisterDate) 
VALUES ('U40', 'Biomedical Engineering', to_date('12-22-2018', 'MM/DD/RRRR'));
INSERT INTO Fall22_S004_3_Student (UserID, Major, RegisterDate) 
VALUES ('U41', 'Business Analytics', to_date('04-17-2020', 'MM/DD/RRRR'));
INSERT INTO Fall22_S004_3_Student (UserID, Major, RegisterDate) 
VALUES ('U42', 'Information Systems', to_date('03-01-2022', 'MM/DD/RRRR'));
INSERT INTO Fall22_S004_3_Student (UserID, Major, RegisterDate) 
VALUES ('U43', 'Computer Science', to_date('03-05-2017', 'MM/DD/RRRR'));
INSERT INTO Fall22_S004_3_Student (UserID, Major, RegisterDate) 
VALUES ('U44', 'Architecture', to_date('02-07-2021', 'MM/DD/RRRR'));
INSERT INTO Fall22_S004_3_Student (UserID, Major, RegisterDate) 
VALUES ('U45', 'Social work', to_date('07-18-2020', 'MM/DD/RRRR'));
INSERT INTO Fall22_S004_3_Student (UserID, Major, RegisterDate) 
VALUES ('U46', 'Education', to_date('02-12-2021', 'MM/DD/RRRR'));
INSERT INTO Fall22_S004_3_Student (UserID, Major, RegisterDate) 
VALUES ('U47', 'Nursing', to_date('08-05-2020', 'MM/DD/RRRR'));
INSERT INTO Fall22_S004_3_Student (UserID, Major, RegisterDate) 
VALUES ('U48', 'Civil Engineering', to_date('11-05-2021', 'MM/DD/RRRR'));
INSERT INTO Fall22_S004_3_Student (UserID, Major, RegisterDate) 
VALUES ('U49', 'Construction Management', to_date('01-08-2019', 'MM/DD/RRRR'));
INSERT INTO Fall22_S004_3_Student (UserID, Major, RegisterDate) 
VALUES ('U50', 'Biotechnology', to_date('07-18-2022', 'MM/DD/RRRR'));

/*Fall22_S004_3_UserPhoneNumber*/
INSERT INTO Fall22_S004_3_UserPhoneNumber (UserID, PhoneNumber) 
VALUES ('U01', 6854148596);

INSERT INTO Fall22_S004_3_UserPhoneNumber (UserID, PhoneNumber) 
VALUES ('U02', 7458967452);

INSERT INTO Fall22_S004_3_UserPhoneNumber (UserID, PhoneNumber) 
VALUES ('U03', 9167589955);

INSERT INTO Fall22_S004_3_UserPhoneNumber (UserID, PhoneNumber) 
VALUES ('U04', 4478596655);

INSERT INTO Fall22_S004_3_UserPhoneNumber (UserID, PhoneNumber) 
VALUES ('U05', 5268741235);

INSERT INTO Fall22_S004_3_UserPhoneNumber (UserID, PhoneNumber) 
VALUES ('U06', 8567451235);

INSERT INTO Fall22_S004_3_UserPhoneNumber (UserID, PhoneNumber) 
VALUES ('U07', 8542368547);

INSERT INTO Fall22_S004_3_UserPhoneNumber (UserID, PhoneNumber) 
VALUES ('U08', 5129657843);

INSERT INTO Fall22_S004_3_UserPhoneNumber (UserID, PhoneNumber) 
VALUES ('U09', 2014786302);

INSERT INTO Fall22_S004_3_UserPhoneNumber (UserID, PhoneNumber) 
VALUES ('U10', 9012568563);

INSERT INTO Fall22_S004_3_UserPhoneNumber (UserID, PhoneNumber) 
VALUES ('U11', 7012365412);

INSERT INTO Fall22_S004_3_UserPhoneNumber (UserID, PhoneNumber) 
VALUES ('U12', 8045631598);

INSERT INTO Fall22_S004_3_UserPhoneNumber (UserID, PhoneNumber) 
VALUES ('U13', 9975632101);

INSERT INTO Fall22_S004_3_UserPhoneNumber (UserID, PhoneNumber) 
VALUES ('U14', 3697420011);

INSERT INTO Fall22_S004_3_UserPhoneNumber (UserID, PhoneNumber) 
VALUES ('U15', 5360012233);

INSERT INTO Fall22_S004_3_UserPhoneNumber (UserID, PhoneNumber) 
VALUES ('U16', 7885210044);

INSERT INTO Fall22_S004_3_UserPhoneNumber (UserID, PhoneNumber) 
VALUES ('U17', 5632014598);

INSERT INTO Fall22_S004_3_UserPhoneNumber (UserID, PhoneNumber) 
VALUES ('U18', 3578964102);

INSERT INTO Fall22_S004_3_UserPhoneNumber (UserID, PhoneNumber) 
VALUES ('U19', 2657413698);

INSERT INTO Fall22_S004_3_UserPhoneNumber (UserID, PhoneNumber) 
VALUES ('U20', 2014587933);

INSERT INTO Fall22_S004_3_UserPhoneNumber (UserID, PhoneNumber) 
VALUES ('U21', 5012457714);

INSERT INTO Fall22_S004_3_UserPhoneNumber (UserID, PhoneNumber) 
VALUES ('U22', 8453012277);

INSERT INTO Fall22_S004_3_UserPhoneNumber (UserID, PhoneNumber) 
VALUES ('U23', 6102589641);

INSERT INTO Fall22_S004_3_UserPhoneNumber (UserID, PhoneNumber) 
VALUES ('U24', 7832014500);

INSERT INTO Fall22_S004_3_UserPhoneNumber (UserID, PhoneNumber) 
VALUES ('U25', 5102365884);

INSERT INTO Fall22_S004_3_UserPhoneNumber (UserID, PhoneNumber) 
VALUES ('U26', 9974020033);

INSERT INTO Fall22_S004_3_UserPhoneNumber (UserID, PhoneNumber) 
VALUES ('U27', 5012301478);

INSERT INTO Fall22_S004_3_UserPhoneNumber (UserID, PhoneNumber) 
VALUES ('U28', 9845200012);

INSERT INTO Fall22_S004_3_UserPhoneNumber (UserID, PhoneNumber) 
VALUES ('U29', 8521103366);

INSERT INTO Fall22_S004_3_UserPhoneNumber (UserID, PhoneNumber) 
VALUES ('U30', 8887774520);

INSERT INTO Fall22_S004_3_UserPhoneNumber (UserID, PhoneNumber) 
VALUES ('U31', 5559664210);

INSERT INTO Fall22_S004_3_UserPhoneNumber (UserID, PhoneNumber) 
VALUES ('U32', 6662014524);

INSERT INTO Fall22_S004_3_UserPhoneNumber (UserID, PhoneNumber) 
VALUES ('U33', 9997778854);

INSERT INTO Fall22_S004_3_UserPhoneNumber (UserID, PhoneNumber) 
VALUES ('U34', 8889996412);

INSERT INTO Fall22_S004_3_UserPhoneNumber (UserID, PhoneNumber) 
VALUES ('U35', 7778885201);

INSERT INTO Fall22_S004_3_UserPhoneNumber (UserID, PhoneNumber) 
VALUES ('U36', 9996663210);

INSERT INTO Fall22_S004_3_UserPhoneNumber (UserID, PhoneNumber) 
VALUES ('U37', 4521692211);

INSERT INTO Fall22_S004_3_UserPhoneNumber (UserID, PhoneNumber) 
VALUES ('U38', 7778855212);

INSERT INTO Fall22_S004_3_UserPhoneNumber (UserID, PhoneNumber) 
VALUES ('U39', 6664442031);

INSERT INTO Fall22_S004_3_UserPhoneNumber (UserID, PhoneNumber) 
VALUES ('U40', 8887774120);

INSERT INTO Fall22_S004_3_UserPhoneNumber (UserID, PhoneNumber) 
VALUES ('U41', 8964213001);

INSERT INTO Fall22_S004_3_UserPhoneNumber (UserID, PhoneNumber) 
VALUES ('U42', 8866412357);

INSERT INTO Fall22_S004_3_UserPhoneNumber (UserID, PhoneNumber) 
VALUES ('U43', 7568410023);

INSERT INTO Fall22_S004_3_UserPhoneNumber (UserID, PhoneNumber) 
VALUES ('U44', 9930102236);

INSERT INTO Fall22_S004_3_UserPhoneNumber (UserID, PhoneNumber) 
VALUES ('U45', 7789631022);

INSERT INTO Fall22_S004_3_UserPhoneNumber (UserID, PhoneNumber) 
VALUES ('U46', 6824156320);

INSERT INTO Fall22_S004_3_UserPhoneNumber (UserID, PhoneNumber) 
VALUES ('U47', 8961234050);

INSERT INTO Fall22_S004_3_UserPhoneNumber (UserID, PhoneNumber) 
VALUES ('U48', 6821203202);

INSERT INTO Fall22_S004_3_UserPhoneNumber (UserID, PhoneNumber) 
VALUES ('U49', 6821023000);

INSERT INTO Fall22_S004_3_UserPhoneNumber (UserID, PhoneNumber) 
VALUES ('U50', 6821032569);

INSERT INTO Fall22_S004_3_UserPhoneNumber (UserID, PhoneNumber) 
VALUES ('U51', 6827416985);

INSERT INTO Fall22_S004_3_UserPhoneNumber (UserID, PhoneNumber) 
VALUES ('U52', 6827451023);

INSERT INTO Fall22_S004_3_UserPhoneNumber (UserID, PhoneNumber) 
VALUES ('U53', 9998741100);

INSERT INTO Fall22_S004_3_UserPhoneNumber (UserID, PhoneNumber) 
VALUES ('U54', 9162035842);

INSERT INTO Fall22_S004_3_UserPhoneNumber (UserID, PhoneNumber) 
VALUES ('U55', 9163024100);

INSERT INTO Fall22_S004_3_UserPhoneNumber (UserID, PhoneNumber) 
VALUES ('U56', 9168540000);

INSERT INTO Fall22_S004_3_UserPhoneNumber (UserID, PhoneNumber) 
VALUES ('U57', 9165230044);

INSERT INTO Fall22_S004_3_UserPhoneNumber (UserID, PhoneNumber) 
VALUES ('U58', 9162320021);

INSERT INTO Fall22_S004_3_UserPhoneNumber (UserID, PhoneNumber) 
VALUES ('U59', 6845697411);

INSERT INTO Fall22_S004_3_UserPhoneNumber (UserID, PhoneNumber) 
VALUES ('U60', 8624597820);

INSERT INTO Fall22_S004_3_UserPhoneNumber (UserID, PhoneNumber) 
VALUES ('U61', 8521697420);

INSERT INTO Fall22_S004_3_UserPhoneNumber (UserID, PhoneNumber) 
VALUES ('U62', 5236998410);

INSERT INTO Fall22_S004_3_UserPhoneNumber (UserID, PhoneNumber) 
VALUES ('U63', 2364128006);

INSERT INTO Fall22_S004_3_UserPhoneNumber (UserID, PhoneNumber) 
VALUES ('U64', 2368416633);

INSERT INTO Fall22_S004_3_UserPhoneNumber (UserID, PhoneNumber) 
VALUES ('U65', 9854123635);

INSERT INTO Fall22_S004_3_UserPhoneNumber (UserID, PhoneNumber) 
VALUES ('U66', 9854126789);

INSERT INTO Fall22_S004_3_UserPhoneNumber (UserID, PhoneNumber) 
VALUES ('U67', 2036524112);

INSERT INTO Fall22_S004_3_UserPhoneNumber (UserID, PhoneNumber) 
VALUES ('U68', 6035289740);

INSERT INTO Fall22_S004_3_UserPhoneNumber (UserID, PhoneNumber) 
VALUES ('U69', 9402159683);

INSERT INTO Fall22_S004_3_UserPhoneNumber (UserID, PhoneNumber) 
VALUES ('U70', 8045569872);

INSERT INTO Fall22_S004_3_UserPhoneNumber (UserID, PhoneNumber) 
VALUES ('U71', 8541269955);

INSERT INTO Fall22_S004_3_UserPhoneNumber (UserID, PhoneNumber) 
VALUES ('U72', 2013698800);

INSERT INTO Fall22_S004_3_UserPhoneNumber (UserID, PhoneNumber) 
VALUES ('U73', 5216334820);

INSERT INTO Fall22_S004_3_UserPhoneNumber (UserID, PhoneNumber) 
VALUES ('U74', 5521106398);

INSERT INTO Fall22_S004_3_UserPhoneNumber (UserID, PhoneNumber) 
VALUES ('U75', 5521441123);

INSERT INTO Fall22_S004_3_UserPhoneNumber (UserID, PhoneNumber) 
VALUES ('U76', 4485552369);

INSERT INTO Fall22_S004_3_UserPhoneNumber (UserID, PhoneNumber) 
VALUES ('U77', 4415526987);

INSERT INTO Fall22_S004_3_UserPhoneNumber (UserID, PhoneNumber) 
VALUES ('U78', 8856697423);

INSERT INTO Fall22_S004_3_UserPhoneNumber (UserID, PhoneNumber) 
VALUES ('U79', 8852088552);

INSERT INTO Fall22_S004_3_UserPhoneNumber (UserID, PhoneNumber) 
VALUES ('U80', 4412236985);

INSERT INTO Fall22_S004_3_UserPhoneNumber (UserID, PhoneNumber) 
VALUES ('U81', 2031598741);

INSERT INTO Fall22_S004_3_UserPhoneNumber (UserID, PhoneNumber) 
VALUES ('U82', 6520031144);

INSERT INTO Fall22_S004_3_UserPhoneNumber (UserID, PhoneNumber) 
VALUES ('U83', 5023301166);

INSERT INTO Fall22_S004_3_UserPhoneNumber (UserID, PhoneNumber) 
VALUES ('U84', 9632014569);

INSERT INTO Fall22_S004_3_UserPhoneNumber (UserID, PhoneNumber) 
VALUES ('U85', 6652230014);

INSERT INTO Fall22_S004_3_UserPhoneNumber (UserID, PhoneNumber) 
VALUES ('U86', 2201136698);

INSERT INTO Fall22_S004_3_UserPhoneNumber (UserID, PhoneNumber) 
VALUES ('U87', 5501123698);

INSERT INTO Fall22_S004_3_UserPhoneNumber (UserID, PhoneNumber) 
VALUES ('U88', 4456639852);

INSERT INTO Fall22_S004_3_UserPhoneNumber (UserID, PhoneNumber) 
VALUES ('U89', 8520314687);

INSERT INTO Fall22_S004_3_UserPhoneNumber (UserID, PhoneNumber) 
VALUES ('U90', 2036521489);

INSERT INTO Fall22_S004_3_UserPhoneNumber (UserID, PhoneNumber) 
VALUES ('U91', 5214896332);

INSERT INTO Fall22_S004_3_UserPhoneNumber (UserID, PhoneNumber) 
VALUES ('U92', 8023654103);

INSERT INTO Fall22_S004_3_UserPhoneNumber (UserID, PhoneNumber) 
VALUES ('U93', 8036945125);

INSERT INTO Fall22_S004_3_UserPhoneNumber (UserID, PhoneNumber) 
VALUES ('U94', 6924573012);

INSERT INTO Fall22_S004_3_UserPhoneNumber (UserID, PhoneNumber) 
VALUES ('U95', 3951260124);

INSERT INTO Fall22_S004_3_UserPhoneNumber (UserID, PhoneNumber) 
VALUES ('U96', 3215698400);

INSERT INTO Fall22_S004_3_UserPhoneNumber (UserID, PhoneNumber) 
VALUES ('U97', 3125036987);

INSERT INTO Fall22_S004_3_UserPhoneNumber (UserID, PhoneNumber) 
VALUES ('U98', 6895412301);

INSERT INTO Fall22_S004_3_UserPhoneNumber (UserID, PhoneNumber) 
VALUES ('U99', 3621107788);

INSERT INTO Fall22_S004_3_UserPhoneNumber (UserID, PhoneNumber) 
VALUES ('U100', 3120002020);

/*Fall22_S004_3_User_Email*/
INSERT INTO Fall22_S004_3_User_Email (USERID, EMAIL) 
VALUES ('U01', 'Kate.Perry@mavs.uta.edu');
INSERT INTO Fall22_S004_3_User_Email (USERID, EMAIL) 
VALUES ('U02', 'Ellia.Dixon@mavs.uta.edu');
INSERT INTO Fall22_S004_3_User_Email (USERID, EMAIL) 
VALUES ('U03', 'Julia.Harris@mavs.uta.edu');
INSERT INTO Fall22_S004_3_User_Email (USERID, EMAIL) 
VALUES ('U04', 'Kellan.Moore@mavs.uta.edu');
INSERT INTO Fall22_S004_3_User_Email (USERID, EMAIL) 
VALUES ('U05', 'Valeria.Farrell@mavs.uta.edu');
INSERT INTO Fall22_S004_3_User_Email (USERID, EMAIL) 
VALUES ('U06', 'Aldus.Holmes@mavs.uta.edu');
INSERT INTO Fall22_S004_3_User_Email (USERID, EMAIL) 
VALUES ('U07', 'Kirsten.Farrell@mavs.uta.edu');
INSERT INTO Fall22_S004_3_User_Email (USERID, EMAIL) 
VALUES ('U08', 'Kate.Clark@mavs.uta.edu');
INSERT INTO Fall22_S004_3_User_Email (USERID, EMAIL) 
VALUES ('U09', 'Edgar.Montgomery@mavs.uta.edu');
INSERT INTO Fall22_S004_3_User_Email (USERID, EMAIL) 
VALUES ('U10', 'Amanda.Roberts@mavs.uta.edu');
INSERT INTO Fall22_S004_3_User_Email (USERID, EMAIL) 
VALUES ('U11', 'Jasmine.Sullivan@mavs.uta.edu');
INSERT INTO Fall22_S004_3_User_Email (USERID, EMAIL) 
VALUES ('U12', 'Abigail.Harrison@mavs.uta.edu');
INSERT INTO Fall22_S004_3_User_Email (USERID, EMAIL) 
VALUES ('U13', 'Lenny.Higgins@mavs.uta.edu');
INSERT INTO Fall22_S004_3_User_Email (USERID, EMAIL) 
VALUES ('U14', 'Richard.Parker@mavs.uta.edu');
INSERT INTO Fall22_S004_3_User_Email (USERID, EMAIL) 
VALUES ('U15', 'Adele.Watson@mavs.uta.edu');
INSERT INTO Fall22_S004_3_User_Email (USERID, EMAIL) 
VALUES ('U16', 'Thomas.Ross@mavs.uta.edu');
INSERT INTO Fall22_S004_3_User_Email (USERID, EMAIL) 
VALUES ('U17', 'Rubie.Edwards@mavs.uta.edu');
INSERT INTO Fall22_S004_3_User_Email (USERID, EMAIL) 
VALUES ('U18', 'Alissa.Hamilton@mavs.uta.edu');
INSERT INTO Fall22_S004_3_User_Email (USERID, EMAIL) 
VALUES ('U19', 'Hailey.Watson@mavs.uta.edu');
INSERT INTO Fall22_S004_3_User_Email (USERID, EMAIL) 
VALUES ('U20', 'Kellan.Hill@mavs.uta.edu');
INSERT INTO Fall22_S004_3_User_Email (USERID, EMAIL) 
VALUES ('U21', 'Arnold.Harris@mavs.uta.edu');
INSERT INTO Fall22_S004_3_User_Email (USERID, EMAIL) 
VALUES ('U22', 'Kristian.Harper@mavs.uta.edu');
INSERT INTO Fall22_S004_3_User_Email (USERID, EMAIL) 
VALUES ('U23', 'Julian.Ryan@mavs.uta.edu');
INSERT INTO Fall22_S004_3_User_Email (USERID, EMAIL) 
VALUES ('U24', 'Adison.Miller@mavs.uta.edu');
INSERT INTO Fall22_S004_3_User_Email (USERID, EMAIL) 
VALUES ('U25', 'Rebecca.Clark@mavs.uta.edu');
INSERT INTO Fall22_S004_3_User_Email (USERID, EMAIL) 
VALUES ('U26', 'Amy.Barrett@mavs.uta.edu');
INSERT INTO Fall22_S004_3_User_Email (USERID, EMAIL) 
VALUES ('U27', 'Olivia.Morgan@mavs.uta.edu');
INSERT INTO Fall22_S004_3_User_Email (USERID, EMAIL) 
VALUES ('U28', 'Leonardo.Kelly@mavs.uta.edu');
INSERT INTO Fall22_S004_3_User_Email (USERID, EMAIL) 
VALUES ('U29', 'Chelsea.Baker@mavs.uta.edu');
INSERT INTO Fall22_S004_3_User_Email (USERID, EMAIL) 
VALUES ('U30', 'Grace.Fowler@mavs.uta.edu');
INSERT INTO Fall22_S004_3_User_Email (USERID, EMAIL) 
VALUES ('U31', 'Daryl.Stevens@mavs.uta.edu');
INSERT INTO Fall22_S004_3_User_Email (USERID, EMAIL) 
VALUES ('U32', 'Harold.Turner@mavs.uta.edu');
INSERT INTO Fall22_S004_3_User_Email (USERID, EMAIL) 
VALUES ('U33', 'Julian.Richards@mavs.uta.edu');
INSERT INTO Fall22_S004_3_User_Email (USERID, EMAIL) 
VALUES ('U34', 'Adrianna.Casey@mavs.uta.edu');
INSERT INTO Fall22_S004_3_User_Email (USERID, EMAIL) 
VALUES ('U35', 'Alberta.West@mavs.uta.edu');
INSERT INTO Fall22_S004_3_User_Email (USERID, EMAIL) 
VALUES ('U36', 'Brad.Campbell@mavs.uta.edu');
INSERT INTO Fall22_S004_3_User_Email (USERID, EMAIL) 
VALUES ('U37', 'Andrew.Edwards@mavs.uta.edu');
INSERT INTO Fall22_S004_3_User_Email (USERID, EMAIL) 
VALUES ('U38', 'Marcus.Anderson@mavs.uta.edu');
INSERT INTO Fall22_S004_3_User_Email (USERID, EMAIL) 
VALUES ('U39', 'Aston.Wright@mavs.uta.edu');
INSERT INTO Fall22_S004_3_User_Email (USERID, EMAIL) 
VALUES ('U40', 'Emma.Robinson@mavs.uta.edu');
INSERT INTO Fall22_S004_3_User_Email (USERID, EMAIL) 
VALUES ('U41', 'Dale.Armstrong@mavs.uta.edu');
INSERT INTO Fall22_S004_3_User_Email (USERID, EMAIL) 
VALUES ('U42', 'Bruce.Morris@mavs.uta.edu');
INSERT INTO Fall22_S004_3_User_Email (USERID, EMAIL) 
VALUES ('U43', 'Patrick.Gibson@mavs.uta.edu');
INSERT INTO Fall22_S004_3_User_Email (USERID, EMAIL) 
VALUES ('U44', 'Arnold.Lloyd@mavs.uta.edu');
INSERT INTO Fall22_S004_3_User_Email (USERID, EMAIL) 
VALUES ('U45', 'Marcus.Lloyd@mavs.uta.edu');
INSERT INTO Fall22_S004_3_User_Email (USERID, EMAIL) 
VALUES ('U46', 'Lenny.Clark@mavs.uta.edu');
INSERT INTO Fall22_S004_3_User_Email (USERID, EMAIL) 
VALUES ('U47', 'Elise.Spencer@mavs.uta.edu');
INSERT INTO Fall22_S004_3_User_Email (USERID, EMAIL) 
VALUES ('U48', 'Vivian.Lloyd@mavs.uta.edu');
INSERT INTO Fall22_S004_3_User_Email (USERID, EMAIL) 
VALUES ('U49', 'Maximilian.Cameron@mavs.uta.edu');
INSERT INTO Fall22_S004_3_User_Email (USERID, EMAIL) 
VALUES ('U50', 'Lenny.Morris@mavs.uta.edu');
INSERT INTO Fall22_S004_3_User_Email (USERID, EMAIL) 
VALUES ('U51', 'Florrie.Roberts@mavs.uta.edu');
INSERT INTO Fall22_S004_3_User_Email (USERID, EMAIL) 
VALUES ('U52', 'Sawyer.Taylor@mavs.uta.edu');
INSERT INTO Fall22_S004_3_User_Email (USERID, EMAIL) 
VALUES ('U53', 'Fiona.Kelley@mavs.uta.edu');
INSERT INTO Fall22_S004_3_User_Email (USERID, EMAIL) 
VALUES ('U54', 'Edwin.Kelley@mavs.uta.edu');
INSERT INTO Fall22_S004_3_User_Email (USERID, EMAIL) 
VALUES ('U55', 'Olivia.Anderson@mavs.uta.edu');
INSERT INTO Fall22_S004_3_User_Email (USERID, EMAIL) 
VALUES ('U56', 'William.Walker@mavs.uta.edu');
INSERT INTO Fall22_S004_3_User_Email (USERID, EMAIL) 
VALUES ('U57', 'Lilianna.Douglas@mavs.uta.edu');
INSERT INTO Fall22_S004_3_User_Email (USERID, EMAIL) 
VALUES ('U58', 'Savana.Stewart@mavs.uta.edu');
INSERT INTO Fall22_S004_3_User_Email (USERID, EMAIL) 
VALUES ('U59', 'Garry.Murphy@mavs.uta.edu');
INSERT INTO Fall22_S004_3_User_Email (USERID, EMAIL) 
VALUES ('U60', 'Maximilian.Edwards@mavs.uta.edu');
INSERT INTO Fall22_S004_3_User_Email (USERID, EMAIL) 
VALUES ('U61', 'Miley.Cameron@mavs.uta.edu');
INSERT INTO Fall22_S004_3_User_Email (USERID, EMAIL) 
VALUES ('U62', 'Alina.Perkins@mavs.uta.edu');
INSERT INTO Fall22_S004_3_User_Email (USERID, EMAIL) 
VALUES ('U63', 'Jared.Alexander@mavs.uta.edu');
INSERT INTO Fall22_S004_3_User_Email (USERID, EMAIL) 
VALUES ('U64', 'Daryl.Walker@mavs.uta.edu');
INSERT INTO Fall22_S004_3_User_Email (USERID, EMAIL) 
VALUES ('U65', 'Eddy.Douglas@mavs.uta.edu');
INSERT INTO Fall22_S004_3_User_Email (USERID, EMAIL) 
VALUES ('U66', 'Adison.Ross@mavs.uta.edu');
INSERT INTO Fall22_S004_3_User_Email (USERID, EMAIL) 
VALUES ('U67', 'Kellan.Scott@mavs.uta.edu');
INSERT INTO Fall22_S004_3_User_Email (USERID, EMAIL) 
VALUES ('U68', 'Jessica.Lloyd@mavs.uta.edu');
INSERT INTO Fall22_S004_3_User_Email (USERID, EMAIL) 
VALUES ('U69', 'Brianna.Cameron@mavs.uta.edu');
INSERT INTO Fall22_S004_3_User_Email (USERID, EMAIL) 
VALUES ('U70', 'Sofia.Richardson@mavs.uta.edu');
INSERT INTO Fall22_S004_3_User_Email (USERID, EMAIL) 
VALUES ('U71', 'Marcus.Reed@mavs.uta.edu');
INSERT INTO Fall22_S004_3_User_Email (USERID, EMAIL) 
VALUES ('U72', 'Eric.Carter@mavs.uta.edu');
INSERT INTO Fall22_S004_3_User_Email (USERID, EMAIL) 
VALUES ('U73', 'Adele.Craig@mavs.uta.edu');
INSERT INTO Fall22_S004_3_User_Email (USERID, EMAIL) 
VALUES ('U74', 'Edwin.Bennett@mavs.uta.edu');
INSERT INTO Fall22_S004_3_User_Email (USERID, EMAIL) 
VALUES ('U75', 'Agata.Foster@mavs.uta.edu');
INSERT INTO Fall22_S004_3_User_Email (USERID, EMAIL) 
VALUES ('U76', 'Vivian.Robinson@mavs.uta.edu');
INSERT INTO Fall22_S004_3_User_Email (USERID, EMAIL) 
VALUES ('U77', 'Lilianna.Miller@mavs.uta.edu');
INSERT INTO Fall22_S004_3_User_Email (USERID, EMAIL) 
VALUES ('U78', 'Myra.Clark@mavs.uta.edu');
INSERT INTO Fall22_S004_3_User_Email (USERID, EMAIL) 
VALUES ('U79', 'Marcus.Watson@mavs.uta.edu');
INSERT INTO Fall22_S004_3_User_Email (USERID, EMAIL) 
VALUES ('U80', 'Rubie.Watson@mavs.uta.edu');
INSERT INTO Fall22_S004_3_User_Email (USERID, EMAIL) 
VALUES ('U81', 'Amelia.Wilson@mavs.uta.edu');
INSERT INTO Fall22_S004_3_User_Email (USERID, EMAIL) 
VALUES ('U82', 'Ashton.Campbell@mavs.uta.edu');
INSERT INTO Fall22_S004_3_User_Email (USERID, EMAIL) 
VALUES ('U83', 'Stuart.Williams@mavs.uta.edu');
INSERT INTO Fall22_S004_3_User_Email (USERID, EMAIL) 
VALUES ('U84', 'Caroline.Evans@mavs.uta.edu');
INSERT INTO Fall22_S004_3_User_Email (USERID, EMAIL) 
VALUES ('U85', 'Florrie.Crawford@mavs.uta.edu');
INSERT INTO Fall22_S004_3_User_Email (USERID, EMAIL) 
VALUES ('U86', 'Sawyer.Stevens@mavs.uta.edu');
INSERT INTO Fall22_S004_3_User_Email (USERID, EMAIL) 
VALUES ('U87', 'David.Taylor@mavs.uta.edu');
INSERT INTO Fall22_S004_3_User_Email (USERID, EMAIL) 
VALUES ('U88', 'Kevin.Tucker@mavs.uta.edu');
INSERT INTO Fall22_S004_3_User_Email (USERID, EMAIL) 
VALUES ('U89', 'Michelle.Payne@mavs.uta.edu');
INSERT INTO Fall22_S004_3_User_Email (USERID, EMAIL) 
VALUES ('U90', 'Arianna.Ferguson@mavs.uta.edu');
INSERT INTO Fall22_S004_3_User_Email (USERID, EMAIL) 
VALUES ('U91', 'Kate.Evans@mavs.uta.edu');
INSERT INTO Fall22_S004_3_User_Email (USERID, EMAIL) 
VALUES ('U92', 'Byron.Chapman@mavs.uta.edu');
INSERT INTO Fall22_S004_3_User_Email (USERID, EMAIL) 
VALUES ('U93', 'Lana.Nelson@mavs.uta.edu');
INSERT INTO Fall22_S004_3_User_Email (USERID, EMAIL) 
VALUES ('U94', 'Cherry.Sullivan@mavs.uta.edu');
INSERT INTO Fall22_S004_3_User_Email (USERID, EMAIL) 
VALUES ('U95', 'Amelia.Reed@mavs.uta.edu');
INSERT INTO Fall22_S004_3_User_Email (USERID, EMAIL) 
VALUES ('U96', 'Sofia.Adams@mavs.uta.edu');
INSERT INTO Fall22_S004_3_User_Email (USERID, EMAIL) 
VALUES ('U97', 'Derek.Hawkins@mavs.uta.edu');
INSERT INTO Fall22_S004_3_User_Email (USERID, EMAIL) 
VALUES ('U98', 'Florrie.Johnson@mavs.uta.edu');
INSERT INTO Fall22_S004_3_User_Email (USERID, EMAIL) 
VALUES ('U99', 'Heather.Nelson@mavs.uta.edu');
INSERT INTO Fall22_S004_3_User_Email (USERID, EMAIL) 
VALUES ('U100', 'Alina.Gibson@mavs.uta.edu');

/*Fall22_S004_3_Vehicle*/

INSERT INTO Fall22_S004_3_Vehicle (VehicleID, Availability, Rate, Condition, Model, Type) 
VALUES ('V01', 'Available', 20.0, 'New', 'S1', 'Scooter');
INSERT INTO Fall22_S004_3_Vehicle (VehicleID, Availability, Rate, Condition, Model, Type) 
VALUES ('V02', 'Available', 30.0, 'Used', 'Bi1', 'Bike');
INSERT INTO Fall22_S004_3_Vehicle (VehicleID, Availability, Rate, Condition, Model, Type) 
VALUES ('V03', 'Available', 35.0, 'New', 'Bi2', 'Bike');
INSERT INTO Fall22_S004_3_Vehicle (VehicleID, Availability, Rate, Condition, Model, Type) 
VALUES ('V04', 'Available', 35.0, 'New', 'Bi2', 'Bike');
INSERT INTO Fall22_S004_3_Vehicle (VehicleID, Availability, Rate, Condition, Model, Type) 
VALUES ('V05', 'Available', 35.0, 'New', 'Bi2', 'Bike');
INSERT INTO Fall22_S004_3_Vehicle (VehicleID, Availability, Rate, Condition, Model, Type) 
VALUES ('V06', 'Available', 35.0, 'New', 'Bi2', 'Bike');
INSERT INTO Fall22_S004_3_Vehicle (VehicleID, Availability, Rate, Condition, Model, Type) 
VALUES ('V07', 'Available', 30.0, 'Used', 'Bi1', 'Bike');
INSERT INTO Fall22_S004_3_Vehicle (VehicleID, Availability, Rate, Condition, Model, Type) 
VALUES ('V08', 'Not Available', 30.0, 'Used', 'Bi1', 'Bike');
INSERT INTO Fall22_S004_3_Vehicle (VehicleID, Availability, Rate, Condition, Model, Type) 
VALUES ('V09', 'Available', 30.0, 'New', 'Bi1', 'Bike');
INSERT INTO Fall22_S004_3_Vehicle (VehicleID, Availability, Rate, Condition, Model, Type) 
VALUES ('V10', 'Not Available', 25.0, 'Used', 'S2', 'Scooter');
INSERT INTO Fall22_S004_3_Vehicle (VehicleID, Availability, Rate, Condition, Model, Type) 
VALUES ('V11', 'Available', 20.0, 'New', 'S1', 'Scooter');
INSERT INTO Fall22_S004_3_Vehicle (VehicleID, Availability, Rate, Condition, Model, Type) 
VALUES ('V12', 'Available', 30.0, 'Used', 'Bi1', 'Bike');
INSERT INTO Fall22_S004_3_Vehicle (VehicleID, Availability, Rate, Condition, Model, Type) 
VALUES ('V13', 'Not Available', 30.0, 'Used', 'Bi1', 'Bike');
INSERT INTO Fall22_S004_3_Vehicle (VehicleID, Availability, Rate, Condition, Model, Type) 
VALUES ('V14', 'Available', 20.0, 'Used', 'S1', 'Scooter');
INSERT INTO Fall22_S004_3_Vehicle (VehicleID, Availability, Rate, Condition, Model, Type) 
VALUES ('V15', 'Not Available', 30.0, 'Used', 'Bi1', 'Bike');
INSERT INTO Fall22_S004_3_Vehicle (VehicleID, Availability, Rate, Condition, Model, Type) 
VALUES ('V16', 'Available', 30.0, 'Used', 'Bi1', 'Bike');
INSERT INTO Fall22_S004_3_Vehicle (VehicleID, Availability, Rate, Condition, Model, Type) 
VALUES ('V17', 'Available', 20.0, 'New', 'S1', 'Scooter');
INSERT INTO Fall22_S004_3_Vehicle (VehicleID, Availability, Rate, Condition, Model, Type) 
VALUES ('V18', 'Available', 35.0, 'New', 'Bi2', 'Bike');
INSERT INTO Fall22_S004_3_Vehicle (VehicleID, Availability, Rate, Condition, Model, Type) 
VALUES ('V19', 'Available', 35.0, 'Used', 'Bi2', 'Bike');
INSERT INTO Fall22_S004_3_Vehicle (VehicleID, Availability, Rate, Condition, Model, Type) 
VALUES ('V20', 'Available', 20.0, 'New', 'S1', 'Scooter');
INSERT INTO Fall22_S004_3_Vehicle (VehicleID, Availability, Rate, Condition, Model, Type) 
VALUES ('V21', 'Not Available', 35.0, 'Used', 'Bi2', 'Bike');
INSERT INTO Fall22_S004_3_Vehicle (VehicleID, Availability, Rate, Condition, Model, Type) 
VALUES ('V22', 'Available', 30.0, 'New', 'S1', 'Scooter');
INSERT INTO Fall22_S004_3_Vehicle (VehicleID, Availability, Rate, Condition, Model, Type) 
VALUES ('V23', 'Available', 30.0, 'Used', 'S1', 'Scooter');
INSERT INTO Fall22_S004_3_Vehicle (VehicleID, Availability, Rate, Condition, Model, Type) 
VALUES ('V24', 'Not Available', 20.0, 'Used', 'Bi1', 'Bike');
INSERT INTO Fall22_S004_3_Vehicle (VehicleID, Availability, Rate, Condition, Model, Type) 
VALUES ('V25', 'Not Available', 25.0, 'Used', 'Bi2', 'Bike');
INSERT INTO Fall22_S004_3_Vehicle (VehicleID, Availability, Rate, Condition, Model, Type) 
VALUES ('V26', 'Available', 25.0, 'New', 'Bi2', 'Bike');
INSERT INTO Fall22_S004_3_Vehicle (VehicleID, Availability, Rate, Condition, Model, Type) 
VALUES ('V27', 'Not Available', 25.0, 'Used', 'Bi2', 'Bike');
INSERT INTO Fall22_S004_3_Vehicle (VehicleID, Availability, Rate, Condition, Model, Type) 
VALUES ('V28', 'Not Available', 20.0, 'Used', 'S1', 'Scooter');
INSERT INTO Fall22_S004_3_Vehicle (VehicleID, Availability, Rate, Condition, Model, Type) 
VALUES ('V29', 'Available', 30.0, 'New', 'Bi1', 'Bike');
INSERT INTO Fall22_S004_3_Vehicle (VehicleID, Availability, Rate, Condition, Model, Type) 
VALUES ('V30', 'Available', 30.0, 'Used', 'Bi1', 'Bike');
INSERT INTO Fall22_S004_3_Vehicle (VehicleID, Availability, Rate, Condition, Model, Type) 
VALUES ('V31', 'Not Available', 30.0, 'Used', 'Bi1', 'Bike');
INSERT INTO Fall22_S004_3_Vehicle (VehicleID, Availability, Rate, Condition, Model, Type) 
VALUES ('V32', 'Not Available', 25.0, 'Used', 'S2', 'Scooter');
INSERT INTO Fall22_S004_3_Vehicle (VehicleID, Availability, Rate, Condition, Model, Type) 
VALUES ('V33', 'Available', 25.0, 'New', 'S2', 'Scooter');
INSERT INTO Fall22_S004_3_Vehicle (VehicleID, Availability, Rate, Condition, Model, Type) 
VALUES ('V34', 'Not Available', 35.0, 'Used', 'Bi2', 'Bike');
INSERT INTO Fall22_S004_3_Vehicle (VehicleID, Availability, Rate, Condition, Model, Type) 
VALUES ('V35', 'Not Available', 25.0, 'Used', 'S2', 'Scooter');
INSERT INTO Fall22_S004_3_Vehicle (VehicleID, Availability, Rate, Condition, Model, Type) 
VALUES ('V36', 'Available', 30.0, 'New', 'Bi1', 'Bike');
INSERT INTO Fall22_S004_3_Vehicle (VehicleID, Availability, Rate, Condition, Model, Type) 
VALUES ('V37', 'Available', 35.0, 'Used', 'Bi2', 'Bike');
INSERT INTO Fall22_S004_3_Vehicle (VehicleID, Availability, Rate, Condition, Model, Type) 
VALUES ('V38', 'Not Available', 30.0, 'Used', 'Bi1', 'Bike');
INSERT INTO Fall22_S004_3_Vehicle (VehicleID, Availability, Rate, Condition, Model, Type) 
VALUES ('V39', 'Not Available', 35.0, 'Used', 'Bi2', 'Bike');
INSERT INTO Fall22_S004_3_Vehicle (VehicleID, Availability, Rate, Condition, Model, Type) 
VALUES ('V40', 'Available', 35.0, 'Used', 'Bi2', 'Bike');
INSERT INTO Fall22_S004_3_Vehicle (VehicleID, Availability, Rate, Condition, Model, Type) 
VALUES ('V41', 'Available', 25.0, 'Used', 'S2', 'Scooter');
INSERT INTO Fall22_S004_3_Vehicle (VehicleID, Availability, Rate, Condition, Model, Type) 
VALUES ('V42', 'Available', 25.0, 'New', 'S2', 'Scooter');
INSERT INTO Fall22_S004_3_Vehicle (VehicleID, Availability, Rate, Condition, Model, Type) 
VALUES ('V43', 'Available', 35.0, 'New', 'Bi2', 'Bike');
INSERT INTO Fall22_S004_3_Vehicle (VehicleID, Availability, Rate, Condition, Model, Type) 
VALUES ('V44', 'Available', 30.0, 'Used', 'Bi1', 'Bike');
INSERT INTO Fall22_S004_3_Vehicle (VehicleID, Availability, Rate, Condition, Model, Type) 
VALUES ('V45', 'Available', 30.0, 'Used', 'Bi1', 'Bike');
INSERT INTO Fall22_S004_3_Vehicle (VehicleID, Availability, Rate, Condition, Model, Type) 
VALUES ('V46', 'Available', 25.0, 'Used', 'S2', 'Scooter');
INSERT INTO Fall22_S004_3_Vehicle (VehicleID, Availability, Rate, Condition, Model, Type) 
VALUES ('V47', 'Available', 35.0, 'New', 'Bi2', 'Bike');
INSERT INTO Fall22_S004_3_Vehicle (VehicleID, Availability, Rate, Condition, Model, Type) 
VALUES ('V48', 'Not Available', 30.0, 'Used', 'Bi1', 'Bike');
INSERT INTO Fall22_S004_3_Vehicle (VehicleID, Availability, Rate, Condition, Model, Type) 
VALUES ('V49', 'Available', 35.0, 'New', 'Bi2', 'Bike');
INSERT INTO Fall22_S004_3_Vehicle (VehicleID, Availability, Rate, Condition, Model, Type) 
VALUES ('V50', 'Not Available', 25.0, 'Used', 'S2', 'Scooter');
INSERT INTO Fall22_S004_3_Vehicle (VehicleID, Availability, Rate, Condition, Model, Type) 
VALUES ('V51', 'Available', 35.0, 'Used', 'Bi2', 'Bike');
INSERT INTO Fall22_S004_3_Vehicle (VehicleID, Availability, Rate, Condition, Model, Type) 
VALUES ('V52', 'Available', 30.0, 'New', 'Bi1', 'Bike');
INSERT INTO Fall22_S004_3_Vehicle (VehicleID, Availability, Rate, Condition, Model, Type) 
VALUES ('V53', 'Available', 35.0, 'New', 'Bi2', 'Bike');
INSERT INTO Fall22_S004_3_Vehicle (VehicleID, Availability, Rate, Condition, Model, Type) 
VALUES ('V54', 'Available', 25.0, 'Used', 'S2', 'Scooter');
INSERT INTO Fall22_S004_3_Vehicle (VehicleID, Availability, Rate, Condition, Model, Type) 
VALUES ('V55', 'Available', 35.0, 'New', 'Bi2', 'Bike');
INSERT INTO Fall22_S004_3_Vehicle (VehicleID, Availability, Rate, Condition, Model, Type) 
VALUES ('V56', 'Available', 35.0, 'Used', 'Bi2', 'Bike');
INSERT INTO Fall22_S004_3_Vehicle (VehicleID, Availability, Rate, Condition, Model, Type) 
VALUES ('V57', 'Available', 25.0, 'New', 'S2', 'Scooter');
INSERT INTO Fall22_S004_3_Vehicle (VehicleID, Availability, Rate, Condition, Model, Type) 
VALUES ('V58', 'Available', 35.0, 'Used', 'Bi2', 'Bike');
INSERT INTO Fall22_S004_3_Vehicle (VehicleID, Availability, Rate, Condition, Model, Type) 
VALUES ('V59', 'Not Available', 30.0, 'Used', 'Bi1', 'Bike');
INSERT INTO Fall22_S004_3_Vehicle (VehicleID, Availability, Rate, Condition, Model, Type) 
VALUES ('V60', 'Not Available', 35.0, 'Used', 'Bi2', 'Bike');

/*Fall22_S004_3_Location*/
INSERT INTO Fall22_S004_3_Location (LocationID, Address, LocName) 
VALUES ('L01', '300 W 1st St, Arlington, TX 76010', 'University center ');
INSERT INTO Fall22_S004_3_Location (LocationID, Address, LocName) 
VALUES ('L02', '500 W Nedderman Dr, Arlington, TX 76013', 'Maverick Activities Center');
INSERT INTO Fall22_S004_3_Location (LocationID, Address, LocName) 
VALUES ('L03', '655 W Mitchell St, Arlington, TX 76010', 'SIER Building');
INSERT INTO Fall22_S004_3_Location (LocationID, Address, LocName) 
VALUES ('L04', '914 Greek Row Dr, Arlington, TX 76013', 'University Village');
INSERT INTO Fall22_S004_3_Location (LocationID, Address, LocName) 
VALUES ('L05', '600 S. Center St., Arlington, TX 76010', 'College Park Center ');
INSERT INTO Fall22_S004_3_Location (LocationID, Address, LocName) 
VALUES ('L06', '700 W Mitchell Cir, Arlington, TX 76013', 'Centennial Court ');
INSERT INTO Fall22_S004_3_Location (LocationID, Address, LocName) 
VALUES ('L07', '701 S W St, Arlington, TX 76010', 'Business Building');
INSERT INTO Fall22_S004_3_Location (LocationID, Address, LocName) 
VALUES ('L08', '1055-1083 UTA Blvd, Arlington, TX 76013', 'Swift Center ');
INSERT INTO Fall22_S004_3_Location (LocationID, Address, LocName) 
VALUES ('L09', '916 UTA Blvd, Arlington, TX 76013', 'West Hall ');

/*Fall22_S004_3_Location_Vehicle*/

INSERT INTO Fall22_S004_3_Location_Vehicle (LocationID, VehicleID) 
VALUES ('L01', 'V01');
INSERT INTO Fall22_S004_3_Location_Vehicle (LocationID, VehicleID) 
VALUES ('L01', 'V12');
INSERT INTO Fall22_S004_3_Location_Vehicle (LocationID, VehicleID) 
VALUES ('L01', 'V23');
INSERT INTO Fall22_S004_3_Location_Vehicle (LocationID, VehicleID) 
VALUES ('L01', 'V34');
INSERT INTO Fall22_S004_3_Location_Vehicle (LocationID, VehicleID) 
VALUES ('L01', 'V45');
INSERT INTO Fall22_S004_3_Location_Vehicle (LocationID, VehicleID) 
VALUES ('L01', 'V56');
INSERT INTO Fall22_S004_3_Location_Vehicle (LocationID, VehicleID) 
VALUES ('L01', 'V60');
INSERT INTO Fall22_S004_3_Location_Vehicle (LocationID, VehicleID) 
VALUES ('L01', 'V09');
INSERT INTO Fall22_S004_3_Location_Vehicle (LocationID, VehicleID) 
VALUES ('L01', 'V18');
INSERT INTO Fall22_S004_3_Location_Vehicle (LocationID, VehicleID) 
VALUES ('L01', 'V37');
INSERT INTO Fall22_S004_3_Location_Vehicle (LocationID, VehicleID) 
VALUES ('L01', 'V41');
INSERT INTO Fall22_S004_3_Location_Vehicle (LocationID, VehicleID) 
VALUES ('L01', 'V50');
INSERT INTO Fall22_S004_3_Location_Vehicle (LocationID, VehicleID) 
VALUES ('L01', 'V10');
INSERT INTO Fall22_S004_3_Location_Vehicle (LocationID, VehicleID) 
VALUES ('L01', 'V21');
INSERT INTO Fall22_S004_3_Location_Vehicle (LocationID, VehicleID) 
VALUES ('L02', 'V22');
INSERT INTO Fall22_S004_3_Location_Vehicle (LocationID, VehicleID) 
VALUES ('L02', 'V05');
INSERT INTO Fall22_S004_3_Location_Vehicle (LocationID, VehicleID) 
VALUES ('L02', 'V15');
INSERT INTO Fall22_S004_3_Location_Vehicle (LocationID, VehicleID) 
VALUES ('L02', 'V27');
INSERT INTO Fall22_S004_3_Location_Vehicle (LocationID, VehicleID) 
VALUES ('L02', 'V33');
INSERT INTO Fall22_S004_3_Location_Vehicle (LocationID, VehicleID) 
VALUES ('L02', 'V44');
INSERT INTO Fall22_S004_3_Location_Vehicle (LocationID, VehicleID) 
VALUES ('L02', 'V53');
INSERT INTO Fall22_S004_3_Location_Vehicle (LocationID, VehicleID) 
VALUES ('L02', 'V49');
INSERT INTO Fall22_S004_3_Location_Vehicle (LocationID, VehicleID) 
VALUES ('L02', 'V26');
INSERT INTO Fall22_S004_3_Location_Vehicle (LocationID, VehicleID) 
VALUES ('L02', 'V32');
INSERT INTO Fall22_S004_3_Location_Vehicle (LocationID, VehicleID) 
VALUES ('L02', 'V07');
INSERT INTO Fall22_S004_3_Location_Vehicle (LocationID, VehicleID) 
VALUES ('L02', 'V21');
INSERT INTO Fall22_S004_3_Location_Vehicle (LocationID, VehicleID) 
VALUES ('L02', 'V13');
INSERT INTO Fall22_S004_3_Location_Vehicle (LocationID, VehicleID) 
VALUES ('L02', 'V58');
INSERT INTO Fall22_S004_3_Location_Vehicle (LocationID, VehicleID) 
VALUES ('L02', 'V19');
INSERT INTO Fall22_S004_3_Location_Vehicle (LocationID, VehicleID) 
VALUES ('L02', 'V30');
INSERT INTO Fall22_S004_3_Location_Vehicle (LocationID, VehicleID) 
VALUES ('L03', 'V38');
INSERT INTO Fall22_S004_3_Location_Vehicle (LocationID, VehicleID) 
VALUES ('L03', 'V46');
INSERT INTO Fall22_S004_3_Location_Vehicle (LocationID, VehicleID) 
VALUES ('L03', 'V55');
INSERT INTO Fall22_S004_3_Location_Vehicle (LocationID, VehicleID) 
VALUES ('L03', 'V14');
INSERT INTO Fall22_S004_3_Location_Vehicle (LocationID, VehicleID) 
VALUES ('L03', 'V08');
INSERT INTO Fall22_S004_3_Location_Vehicle (LocationID, VehicleID) 
VALUES ('L03', 'V59');
INSERT INTO Fall22_S004_3_Location_Vehicle (LocationID, VehicleID) 
VALUES ('L03', 'V35');
INSERT INTO Fall22_S004_3_Location_Vehicle (LocationID, VehicleID) 
VALUES ('L03', 'V43');
INSERT INTO Fall22_S004_3_Location_Vehicle (LocationID, VehicleID) 
VALUES ('L03', 'V51');
INSERT INTO Fall22_S004_3_Location_Vehicle (LocationID, VehicleID) 
VALUES ('L03', 'V06');
INSERT INTO Fall22_S004_3_Location_Vehicle (LocationID, VehicleID) 
VALUES ('L03', 'V29');
INSERT INTO Fall22_S004_3_Location_Vehicle (LocationID, VehicleID) 
VALUES ('L03', 'V03');
INSERT INTO Fall22_S004_3_Location_Vehicle (LocationID, VehicleID) 
VALUES ('L03', 'V57');
INSERT INTO Fall22_S004_3_Location_Vehicle (LocationID, VehicleID) 
VALUES ('L04', 'V11');
INSERT INTO Fall22_S004_3_Location_Vehicle (LocationID, VehicleID) 
VALUES ('L04', 'V25');
INSERT INTO Fall22_S004_3_Location_Vehicle (LocationID, VehicleID) 
VALUES ('L04', 'V04');
INSERT INTO Fall22_S004_3_Location_Vehicle (LocationID, VehicleID) 
VALUES ('L04', 'V42');
INSERT INTO Fall22_S004_3_Location_Vehicle (LocationID, VehicleID) 
VALUES ('L04', 'V17');
INSERT INTO Fall22_S004_3_Location_Vehicle (LocationID, VehicleID) 
VALUES ('L04', 'V24');
INSERT INTO Fall22_S004_3_Location_Vehicle (LocationID, VehicleID) 
VALUES ('L04', 'V31');
INSERT INTO Fall22_S004_3_Location_Vehicle (LocationID, VehicleID) 
VALUES ('L04', 'V48');
INSERT INTO Fall22_S004_3_Location_Vehicle (LocationID, VehicleID) 
VALUES ('L04', 'V39');
INSERT INTO Fall22_S004_3_Location_Vehicle (LocationID, VehicleID) 
VALUES ('L04', 'V16');
INSERT INTO Fall22_S004_3_Location_Vehicle (LocationID, VehicleID) 
VALUES ('L04', 'V52');
INSERT INTO Fall22_S004_3_Location_Vehicle (LocationID, VehicleID) 
VALUES ('L04', 'V20');
INSERT INTO Fall22_S004_3_Location_Vehicle (LocationID, VehicleID) 
VALUES ('L04', 'V28');
INSERT INTO Fall22_S004_3_Location_Vehicle (LocationID, VehicleID) 
VALUES ('L04', 'V40');
INSERT INTO Fall22_S004_3_Location_Vehicle (LocationID, VehicleID) 
VALUES ('L04', 'V47');
INSERT INTO Fall22_S004_3_Location_Vehicle (LocationID, VehicleID) 
VALUES ('L04', 'V54');
INSERT INTO Fall22_S004_3_Location_Vehicle (LocationID, VehicleID) 
VALUES ('L04', 'V02');

/*Fall22_S004_3_Manage*/


INSERT INTO Fall22_S004_3_Manage (UserID, VehicleID) 
VALUES ('U55', 'V01');
INSERT INTO Fall22_S004_3_Manage (UserID, VehicleID) 
VALUES ('U55', 'V02');
INSERT INTO Fall22_S004_3_Manage (UserID, VehicleID) 
VALUES ('U55', 'V03');
INSERT INTO Fall22_S004_3_Manage (UserID, VehicleID) 
VALUES ('U55', 'V04');
INSERT INTO Fall22_S004_3_Manage (UserID, VehicleID) 
VALUES ('U55', 'V05');
INSERT INTO Fall22_S004_3_Manage (UserID, VehicleID) 
VALUES ('U55', 'V06');
INSERT INTO Fall22_S004_3_Manage (UserID, VehicleID) 
VALUES ('U55', 'V07');
INSERT INTO Fall22_S004_3_Manage (UserID, VehicleID) 
VALUES ('U55', 'V08');
INSERT INTO Fall22_S004_3_Manage (UserID, VehicleID) 
VALUES ('U55', 'V09');
INSERT INTO Fall22_S004_3_Manage (UserID, VehicleID) 
VALUES ('U55', 'V10');
INSERT INTO Fall22_S004_3_Manage (UserID, VehicleID) 
VALUES ('U55', 'V11');
INSERT INTO Fall22_S004_3_Manage (UserID, VehicleID) 
VALUES ('U78', 'V12');
INSERT INTO Fall22_S004_3_Manage (UserID, VehicleID) 
VALUES ('U78', 'V13');
INSERT INTO Fall22_S004_3_Manage (UserID, VehicleID) 
VALUES ('U78', 'V14');
INSERT INTO Fall22_S004_3_Manage (UserID, VehicleID) 
VALUES ('U78', 'V15');
INSERT INTO Fall22_S004_3_Manage (UserID, VehicleID) 
VALUES ('U78', 'V16');
INSERT INTO Fall22_S004_3_Manage (UserID, VehicleID) 
VALUES ('U78', 'V17');
INSERT INTO Fall22_S004_3_Manage (UserID, VehicleID) 
VALUES ('U78', 'V18');
INSERT INTO Fall22_S004_3_Manage (UserID, VehicleID) 
VALUES ('U78', 'V19');
INSERT INTO Fall22_S004_3_Manage (UserID, VehicleID) 
VALUES ('U78', 'V20');
INSERT INTO Fall22_S004_3_Manage (UserID, VehicleID) 
VALUES ('U78', 'V21');
INSERT INTO Fall22_S004_3_Manage (UserID, VehicleID) 
VALUES ('U80', 'V22');
INSERT INTO Fall22_S004_3_Manage (UserID, VehicleID) 
VALUES ('U80', 'V23');
INSERT INTO Fall22_S004_3_Manage (UserID, VehicleID) 
VALUES ('U80', 'V24');
INSERT INTO Fall22_S004_3_Manage (UserID, VehicleID) 
VALUES ('U80', 'V25');
INSERT INTO Fall22_S004_3_Manage (UserID, VehicleID) 
VALUES ('U80', 'V26');
INSERT INTO Fall22_S004_3_Manage (UserID, VehicleID) 
VALUES ('U80', 'V27');
INSERT INTO Fall22_S004_3_Manage (UserID, VehicleID) 
VALUES ('U80', 'V28');
INSERT INTO Fall22_S004_3_Manage (UserID, VehicleID) 
VALUES ('U80', 'V29');
INSERT INTO Fall22_S004_3_Manage (UserID, VehicleID) 
VALUES ('U80', 'V30');
INSERT INTO Fall22_S004_3_Manage (UserID, VehicleID) 
VALUES ('U80', 'V31');
INSERT INTO Fall22_S004_3_Manage (UserID, VehicleID) 
VALUES ('U80', 'V32');
INSERT INTO Fall22_S004_3_Manage (UserID, VehicleID) 
VALUES ('U61', 'V33');
INSERT INTO Fall22_S004_3_Manage (UserID, VehicleID) 
VALUES ('U61', 'V34');
INSERT INTO Fall22_S004_3_Manage (UserID, VehicleID) 
VALUES ('U61', 'V35');
INSERT INTO Fall22_S004_3_Manage (UserID, VehicleID) 
VALUES ('U61', 'V36');
INSERT INTO Fall22_S004_3_Manage (UserID, VehicleID) 
VALUES ('U61', 'V37');
INSERT INTO Fall22_S004_3_Manage (UserID, VehicleID) 
VALUES ('U61', 'V38');
INSERT INTO Fall22_S004_3_Manage (UserID, VehicleID) 
VALUES ('U61', 'V39');
INSERT INTO Fall22_S004_3_Manage (UserID, VehicleID) 
VALUES ('U69', 'V40');
INSERT INTO Fall22_S004_3_Manage (UserID, VehicleID) 
VALUES ('U69', 'V41');
INSERT INTO Fall22_S004_3_Manage (UserID, VehicleID) 
VALUES ('U69', 'V42');
INSERT INTO Fall22_S004_3_Manage (UserID, VehicleID) 
VALUES ('U69', 'V43');
INSERT INTO Fall22_S004_3_Manage (UserID, VehicleID) 
VALUES ('U69', 'V44');
INSERT INTO Fall22_S004_3_Manage (UserID, VehicleID) 
VALUES ('U69', 'V45');
INSERT INTO Fall22_S004_3_Manage (UserID, VehicleID) 
VALUES ('U69', 'V46');
INSERT INTO Fall22_S004_3_Manage (UserID, VehicleID) 
VALUES ('U69', 'V47');
INSERT INTO Fall22_S004_3_Manage (UserID, VehicleID) 
VALUES ('U69', 'V48');
INSERT INTO Fall22_S004_3_Manage (UserID, VehicleID) 
VALUES ('U69', 'V49');
INSERT INTO Fall22_S004_3_Manage (UserID, VehicleID) 
VALUES ('U69', 'V50');
INSERT INTO Fall22_S004_3_Manage (UserID, VehicleID) 
VALUES ('U92', 'V51');
INSERT INTO Fall22_S004_3_Manage (UserID, VehicleID) 
VALUES ('U92', 'V52');
INSERT INTO Fall22_S004_3_Manage (UserID, VehicleID) 
VALUES ('U92', 'V53');
INSERT INTO Fall22_S004_3_Manage (UserID, VehicleID) 
VALUES ('U92', 'V54');
INSERT INTO Fall22_S004_3_Manage (UserID, VehicleID) 
VALUES ('U92', 'V55');
INSERT INTO Fall22_S004_3_Manage (UserID, VehicleID) 
VALUES ('U92', 'V56');
INSERT INTO Fall22_S004_3_Manage (UserID, VehicleID) 
VALUES ('U92', 'V57');
INSERT INTO Fall22_S004_3_Manage (UserID, VehicleID) 
VALUES ('U92', 'V58');
INSERT INTO Fall22_S004_3_Manage (UserID, VehicleID) 
VALUES ('U92', 'V59');
INSERT INTO Fall22_S004_3_Manage (UserID, VehicleID) 
VALUES ('U92', 'V60');

/*Fall22_S004_3_Booking*/

INSERT INTO Fall22_S004_3_Booking (BookingID, PickupDate, ReturnDate, VehicleID, UserID) 
VALUES ('B01', to_date('11-18-2021', 'MM/DD/RRRR'), to_date('02-12-2022', 'MM/DD/RRRR'), 'V15', 'U20');
INSERT INTO Fall22_S004_3_Booking (BookingID, PickupDate, ReturnDate, VehicleID, UserID) 
VALUES ('B02', to_date('10-30-2021', 'MM/DD/RRRR'), to_date('01-27-2022', 'MM/DD/RRRR'), 'V27', 'U36');
INSERT INTO Fall22_S004_3_Booking (BookingID, PickupDate, ReturnDate, VehicleID, UserID) 
VALUES ('B03', to_date('11-17-2021', 'MM/DD/RRRR'), to_date('12-16-2021', 'MM/DD/RRRR'), 'V15', 'U33');
INSERT INTO Fall22_S004_3_Booking (BookingID, PickupDate, ReturnDate, VehicleID, UserID) 
VALUES ('B04', to_date('11-03-2021', 'MM/DD/RRRR'), to_date('12-18-2021', 'MM/DD/RRRR'), 'V33', 'U21');
INSERT INTO Fall22_S004_3_Booking (BookingID, PickupDate, ReturnDate, VehicleID, UserID) 
VALUES ('B05', to_date('11-21-2021', 'MM/DD/RRRR'), to_date('02-17-2022', 'MM/DD/RRRR'), 'V39', 'U27');
INSERT INTO Fall22_S004_3_Booking (BookingID, PickupDate, ReturnDate, VehicleID, UserID) 
VALUES ('B06', to_date('05-19-2022', 'MM/DD/RRRR'), to_date('08-06-2022', 'MM/DD/RRRR'), 'V19', 'U23');
INSERT INTO Fall22_S004_3_Booking (BookingID, PickupDate, ReturnDate, VehicleID, UserID) 
VALUES ('B07', to_date('08-13-2021', 'MM/DD/RRRR'), to_date('09-26-2021', 'MM/DD/RRRR'), 'V18', 'U27');
INSERT INTO Fall22_S004_3_Booking (BookingID, PickupDate, ReturnDate, VehicleID, UserID) 
VALUES ('B08', to_date('05-06-2022', 'MM/DD/RRRR'), to_date('05-09-2022', 'MM/DD/RRRR'), 'V15', 'U17');
INSERT INTO Fall22_S004_3_Booking (BookingID, PickupDate, ReturnDate, VehicleID, UserID) 
VALUES ('B09', to_date('01-06-2022', 'MM/DD/RRRR'), to_date('02-14-2022', 'MM/DD/RRRR'), 'V38', 'U40');
INSERT INTO Fall22_S004_3_Booking (BookingID, PickupDate, ReturnDate, VehicleID, UserID) 
VALUES ('B10', to_date('11-27-2021', 'MM/DD/RRRR'), to_date('01-11-2022', 'MM/DD/RRRR'), 'V30', 'U40');
INSERT INTO Fall22_S004_3_Booking (BookingID, PickupDate, ReturnDate, VehicleID, UserID) 
VALUES ('B11', to_date('12-03-2021', 'MM/DD/RRRR'), to_date('01-17-2022', 'MM/DD/RRRR'), 'V23', 'U11');
INSERT INTO Fall22_S004_3_Booking (BookingID, PickupDate, ReturnDate, VehicleID, UserID) 
VALUES ('B12', to_date('06-13-2021', 'MM/DD/RRRR'), to_date('08-31-2021', 'MM/DD/RRRR'), 'V08', 'U33');
INSERT INTO Fall22_S004_3_Booking (BookingID, PickupDate, ReturnDate, VehicleID, UserID) 
VALUES ('B13', to_date('01-22-2021', 'MM/DD/RRRR'), to_date('03-25-2021', 'MM/DD/RRRR'), 'V31', 'U37');
INSERT INTO Fall22_S004_3_Booking (BookingID, PickupDate, ReturnDate, VehicleID, UserID) 
VALUES ('B14', to_date('05-04-2022', 'MM/DD/RRRR'), to_date('06-25-2022', 'MM/DD/RRRR'), 'V30', 'U19');
INSERT INTO Fall22_S004_3_Booking (BookingID, PickupDate, ReturnDate, VehicleID, UserID) 
VALUES ('B15', to_date('06-13-2021', 'MM/DD/RRRR'), to_date('06-30-2021', 'MM/DD/RRRR'), 'V12', 'U38');
INSERT INTO Fall22_S004_3_Booking (BookingID, PickupDate, ReturnDate, VehicleID, UserID) 
VALUES ('B16', to_date('06-29-2021', 'MM/DD/RRRR'), to_date('08-20-2021', 'MM/DD/RRRR'), 'V39', 'U04');
INSERT INTO Fall22_S004_3_Booking (BookingID, PickupDate, ReturnDate, VehicleID, UserID) 
VALUES ('B17', to_date('01-29-2021', 'MM/DD/RRRR'), to_date('02-20-2021', 'MM/DD/RRRR'), 'V11', 'U05');
INSERT INTO Fall22_S004_3_Booking (BookingID, PickupDate, ReturnDate, VehicleID, UserID) 
VALUES ('B18', to_date('12-13-2021', 'MM/DD/RRRR'), to_date('02-22-2022', 'MM/DD/RRRR'), 'V07', 'U04');
INSERT INTO Fall22_S004_3_Booking (BookingID, PickupDate, ReturnDate, VehicleID, UserID) 
VALUES ('B19', to_date('11-05-2021', 'MM/DD/RRRR'), to_date('01-05-2022', 'MM/DD/RRRR'), 'V05', 'U05');
INSERT INTO Fall22_S004_3_Booking (BookingID, PickupDate, ReturnDate, VehicleID, UserID) 
VALUES ('B20', to_date('09-12-2021', 'MM/DD/RRRR'), to_date('11-23-2021', 'MM/DD/RRRR'), 'V35', 'U24');
INSERT INTO Fall22_S004_3_Booking (BookingID, PickupDate, ReturnDate, VehicleID, UserID) 
VALUES ('B21', to_date('01-27-2021', 'MM/DD/RRRR'), to_date('01-28-2021', 'MM/DD/RRRR'), 'V29', 'U05');
INSERT INTO Fall22_S004_3_Booking (BookingID, PickupDate, ReturnDate, VehicleID, UserID) 
VALUES ('B22', to_date('06-10-2021', 'MM/DD/RRRR'), to_date('07-17-2021', 'MM/DD/RRRR'), 'V15', 'U23');
INSERT INTO Fall22_S004_3_Booking (BookingID, PickupDate, ReturnDate, VehicleID, UserID) 
VALUES ('B23', to_date('01-27-2021', 'MM/DD/RRRR'), to_date('03-24-2021', 'MM/DD/RRRR'), 'V17', 'U03');
INSERT INTO Fall22_S004_3_Booking (BookingID, PickupDate, ReturnDate, VehicleID, UserID) 
VALUES ('B24', to_date('01-02-2021', 'MM/DD/RRRR'), to_date('03-12-2021', 'MM/DD/RRRR'), 'V15', 'U06');
INSERT INTO Fall22_S004_3_Booking (BookingID, PickupDate, ReturnDate, VehicleID, UserID) 
VALUES ('B25', to_date('02-27-2022', 'MM/DD/RRRR'), to_date('05-24-2022', 'MM/DD/RRRR'), 'V02', 'U07');
INSERT INTO Fall22_S004_3_Booking (BookingID, PickupDate, ReturnDate, VehicleID, UserID) 
VALUES ('B26', to_date('08-06-2021', 'MM/DD/RRRR'), to_date('09-20-2021', 'MM/DD/RRRR'), 'V39', 'U31');
INSERT INTO Fall22_S004_3_Booking (BookingID, PickupDate, ReturnDate, VehicleID, UserID) 
VALUES ('B27', to_date('07-22-2021', 'MM/DD/RRRR'), to_date('10-02-2021', 'MM/DD/RRRR'), 'V31', 'U19');
INSERT INTO Fall22_S004_3_Booking (BookingID, PickupDate, ReturnDate, VehicleID, UserID) 
VALUES ('B28', to_date('05-01-2021', 'MM/DD/RRRR'), to_date('05-08-2021', 'MM/DD/RRRR'), 'V11', 'U17');
INSERT INTO Fall22_S004_3_Booking (BookingID, PickupDate, ReturnDate, VehicleID, UserID) 
VALUES ('B29', to_date('02-22-2021', 'MM/DD/RRRR'), to_date('03-09-2021', 'MM/DD/RRRR'), 'V01', 'U10');
INSERT INTO Fall22_S004_3_Booking (BookingID, PickupDate, ReturnDate, VehicleID, UserID) 
VALUES ('B30', to_date('02-16-2022', 'MM/DD/RRRR'), to_date('05-06-2022', 'MM/DD/RRRR'), 'V35', 'U31');
INSERT INTO Fall22_S004_3_Booking (BookingID, PickupDate, ReturnDate, VehicleID, UserID) 
VALUES ('B31', to_date('01-10-2022', 'MM/DD/RRRR'), to_date('03-11-2022', 'MM/DD/RRRR'), 'V34', 'U16');
INSERT INTO Fall22_S004_3_Booking (BookingID, PickupDate, ReturnDate, VehicleID, UserID) 
VALUES ('B32', to_date('01-04-2021', 'MM/DD/RRRR'), to_date('02-15-2021', 'MM/DD/RRRR'), 'V29', 'U23');
INSERT INTO Fall22_S004_3_Booking (BookingID, PickupDate, ReturnDate, VehicleID, UserID) 
VALUES ('B33', to_date('08-12-2021', 'MM/DD/RRRR'), to_date('09-07-2021', 'MM/DD/RRRR'), 'V27', 'U30');
INSERT INTO Fall22_S004_3_Booking (BookingID, PickupDate, ReturnDate, VehicleID, UserID) 
VALUES ('B34', to_date('09-29-2021', 'MM/DD/RRRR'), to_date('10-07-2021', 'MM/DD/RRRR'), 'V06', 'U23');
INSERT INTO Fall22_S004_3_Booking (BookingID, PickupDate, ReturnDate, VehicleID, UserID) 
VALUES ('B35', to_date('04-10-2021', 'MM/DD/RRRR'), to_date('05-08-2021', 'MM/DD/RRRR'), 'V39', 'U13');
INSERT INTO Fall22_S004_3_Booking (BookingID, PickupDate, ReturnDate, VehicleID, UserID) 
VALUES ('B36', to_date('04-05-2021', 'MM/DD/RRRR'), to_date('06-17-2021', 'MM/DD/RRRR'), 'V25', 'U31');
INSERT INTO Fall22_S004_3_Booking (BookingID, PickupDate, ReturnDate, VehicleID, UserID) 
VALUES ('B37', to_date('07-31-2021', 'MM/DD/RRRR'), to_date('09-30-2021', 'MM/DD/RRRR'), 'V12', 'U16');
INSERT INTO Fall22_S004_3_Booking (BookingID, PickupDate, ReturnDate, VehicleID, UserID) 
VALUES ('B38', to_date('08-27-2021', 'MM/DD/RRRR'), to_date('11-12-2021', 'MM/DD/RRRR'), 'V16', 'U23');
INSERT INTO Fall22_S004_3_Booking (BookingID, PickupDate, ReturnDate, VehicleID, UserID) 
VALUES ('B39', to_date('04-08-2022', 'MM/DD/RRRR'), to_date('05-17-2022', 'MM/DD/RRRR'), 'V14', 'U24');
INSERT INTO Fall22_S004_3_Booking (BookingID, PickupDate, ReturnDate, VehicleID, UserID) 
VALUES ('B40', to_date('11-12-2021', 'MM/DD/RRRR'), to_date('11-19-2021', 'MM/DD/RRRR'), 'V05', 'U21');
INSERT INTO Fall22_S004_3_Booking (BookingID, PickupDate, ReturnDate, VehicleID, UserID) 
VALUES ('B41', to_date('12-20-2021', 'MM/DD/RRRR'), to_date('01-28-2022', 'MM/DD/RRRR'), 'V40', 'U15');
INSERT INTO Fall22_S004_3_Booking (BookingID, PickupDate, ReturnDate, VehicleID, UserID) 
VALUES ('B42', to_date('01-03-2021', 'MM/DD/RRRR'), to_date('01-06-2021', 'MM/DD/RRRR'), 'V39', 'U16');
INSERT INTO Fall22_S004_3_Booking (BookingID, PickupDate, ReturnDate, VehicleID, UserID) 
VALUES ('B43', to_date('04-13-2022', 'MM/DD/RRRR'), to_date('06-30-2022', 'MM/DD/RRRR'), 'V24', 'U14');
INSERT INTO Fall22_S004_3_Booking (BookingID, PickupDate, ReturnDate, VehicleID, UserID) 
VALUES ('B44', to_date('05-25-2022', 'MM/DD/RRRR'), to_date('08-10-2022', 'MM/DD/RRRR'), 'V35', 'U29');
INSERT INTO Fall22_S004_3_Booking (BookingID, PickupDate, ReturnDate, VehicleID, UserID) 
VALUES ('B45', to_date('04-22-2021', 'MM/DD/RRRR'), to_date('05-28-2021', 'MM/DD/RRRR'), 'V38', 'U10');
INSERT INTO Fall22_S004_3_Booking (BookingID, PickupDate, ReturnDate, VehicleID, UserID) 
VALUES ('B46', to_date('03-13-2022', 'MM/DD/RRRR'), to_date('04-28-2022', 'MM/DD/RRRR'), 'V07', 'U35');
INSERT INTO Fall22_S004_3_Booking (BookingID, PickupDate, ReturnDate, VehicleID, UserID) 
VALUES ('B47', to_date('10-08-2021', 'MM/DD/RRRR'), to_date('11-26-2021', 'MM/DD/RRRR'), 'V19', 'U03');
INSERT INTO Fall22_S004_3_Booking (BookingID, PickupDate, ReturnDate, VehicleID, UserID) 
VALUES ('B48', to_date('11-17-2021', 'MM/DD/RRRR'), to_date('01-19-2022', 'MM/DD/RRRR'), 'V11', 'U27');
INSERT INTO Fall22_S004_3_Booking (BookingID, PickupDate, ReturnDate, VehicleID, UserID) 
VALUES ('B49', to_date('04-19-2021', 'MM/DD/RRRR'), to_date('07-16-2021', 'MM/DD/RRRR'), 'V33', 'U14');
INSERT INTO Fall22_S004_3_Booking (BookingID, PickupDate, ReturnDate, VehicleID, UserID) 
VALUES ('B50', to_date('03-29-2022', 'MM/DD/RRRR'), to_date('04-03-2022', 'MM/DD/RRRR'), 'V24', 'U17');
INSERT INTO Fall22_S004_3_Booking (BookingID, PickupDate, ReturnDate, VehicleID, UserID) 
VALUES ('B51', to_date('01-01-2022', 'MM/DD/RRRR'), to_date('01-27-2022', 'MM/DD/RRRR'), 'V17', 'U13');
INSERT INTO Fall22_S004_3_Booking (BookingID, PickupDate, ReturnDate, VehicleID, UserID) 
VALUES ('B52', to_date('05-14-2022', 'MM/DD/RRRR'), to_date('08-10-2022', 'MM/DD/RRRR'), 'V17', 'U37');
INSERT INTO Fall22_S004_3_Booking (BookingID, PickupDate, ReturnDate, VehicleID, UserID) 
VALUES ('B53', to_date('04-25-2021', 'MM/DD/RRRR'), to_date('04-26-2021', 'MM/DD/RRRR'), 'V06', 'U34');
INSERT INTO Fall22_S004_3_Booking (BookingID, PickupDate, ReturnDate, VehicleID, UserID) 
VALUES ('B54', to_date('04-12-2021', 'MM/DD/RRRR'), to_date('05-03-2021', 'MM/DD/RRRR'), 'V20', 'U25');
INSERT INTO Fall22_S004_3_Booking (BookingID, PickupDate, ReturnDate, VehicleID, UserID) 
VALUES ('B55', to_date('01-23-2021', 'MM/DD/RRRR'), to_date('02-20-2021', 'MM/DD/RRRR'), 'V11', 'U10');
INSERT INTO Fall22_S004_3_Booking (BookingID, PickupDate, ReturnDate, VehicleID, UserID) 
VALUES ('B56', to_date('04-05-2022', 'MM/DD/RRRR'), to_date('06-04-2022', 'MM/DD/RRRR'), 'V02', 'U09');
INSERT INTO Fall22_S004_3_Booking (BookingID, PickupDate, ReturnDate, VehicleID, UserID) 
VALUES ('B57', to_date('08-18-2021', 'MM/DD/RRRR'), to_date('08-31-2021', 'MM/DD/RRRR'), 'V34', 'U24');
INSERT INTO Fall22_S004_3_Booking (BookingID, PickupDate, ReturnDate, VehicleID, UserID) 
VALUES ('B58', to_date('07-11-2021', 'MM/DD/RRRR'), to_date('08-16-2021', 'MM/DD/RRRR'), 'V10', 'U14');
INSERT INTO Fall22_S004_3_Booking (BookingID, PickupDate, ReturnDate, VehicleID, UserID) 
VALUES ('B59', to_date('05-10-2022', 'MM/DD/RRRR'), to_date('08-01-2022', 'MM/DD/RRRR'), 'V17', 'U07');
INSERT INTO Fall22_S004_3_Booking (BookingID, PickupDate, ReturnDate, VehicleID, UserID) 
VALUES ('B60', to_date('05-09-2022', 'MM/DD/RRRR'), to_date('05-11-2022', 'MM/DD/RRRR'), 'V31', 'U27');
INSERT INTO Fall22_S004_3_Booking (BookingID, PickupDate, ReturnDate, VehicleID, UserID) 
VALUES ('B61', to_date('04-30-2021', 'MM/DD/RRRR'), to_date('07-14-2021', 'MM/DD/RRRR'), 'V17', 'U38');
INSERT INTO Fall22_S004_3_Booking (BookingID, PickupDate, ReturnDate, VehicleID, UserID) 
VALUES ('B62', to_date('10-06-2021', 'MM/DD/RRRR'), to_date('11-22-2021', 'MM/DD/RRRR'), 'V25', 'U23');
INSERT INTO Fall22_S004_3_Booking (BookingID, PickupDate, ReturnDate, VehicleID, UserID) 
VALUES ('B63', to_date('08-31-2021', 'MM/DD/RRRR'), to_date('10-04-2021', 'MM/DD/RRRR'), 'V39', 'U38');
INSERT INTO Fall22_S004_3_Booking (BookingID, PickupDate, ReturnDate, VehicleID, UserID) 
VALUES ('B64', to_date('02-07-2021', 'MM/DD/RRRR'), to_date('04-21-2021', 'MM/DD/RRRR'), 'V32', 'U10');
INSERT INTO Fall22_S004_3_Booking (BookingID, PickupDate, ReturnDate, VehicleID, UserID) 
VALUES ('B65', to_date('10-19-2021', 'MM/DD/RRRR'), to_date('11-14-2021', 'MM/DD/RRRR'), 'V19', 'U38');
INSERT INTO Fall22_S004_3_Booking (BookingID, PickupDate, ReturnDate, VehicleID, UserID) 
VALUES ('B66', to_date('06-18-2021', 'MM/DD/RRRR'), to_date('07-09-2021', 'MM/DD/RRRR'), 'V14', 'U06');
INSERT INTO Fall22_S004_3_Booking (BookingID, PickupDate, ReturnDate, VehicleID, UserID) 
VALUES ('B67', to_date('07-19-2021', 'MM/DD/RRRR'), to_date('07-30-2021', 'MM/DD/RRRR'), 'V23', 'U16');
INSERT INTO Fall22_S004_3_Booking (BookingID, PickupDate, ReturnDate, VehicleID, UserID) 
VALUES ('B68', to_date('05-19-2021', 'MM/DD/RRRR'), to_date('07-25-2021', 'MM/DD/RRRR'), 'V13', 'U06');
INSERT INTO Fall22_S004_3_Booking (BookingID, PickupDate, ReturnDate, VehicleID, UserID) 
VALUES ('B69', to_date('05-30-2021', 'MM/DD/RRRR'), to_date('07-28-2021', 'MM/DD/RRRR'), 'V12', 'U14');
INSERT INTO Fall22_S004_3_Booking (BookingID, PickupDate, ReturnDate, VehicleID, UserID) 
VALUES ('B70', to_date('05-08-2021', 'MM/DD/RRRR'), to_date('06-03-2021', 'MM/DD/RRRR'), 'V16', 'U05');
INSERT INTO Fall22_S004_3_Booking (BookingID, PickupDate, ReturnDate, VehicleID, UserID) 
VALUES ('B71', to_date('04-21-2021', 'MM/DD/RRRR'), to_date('07-20-2021', 'MM/DD/RRRR'), 'V04', 'U12');
INSERT INTO Fall22_S004_3_Booking (BookingID, PickupDate, ReturnDate, VehicleID, UserID) 
VALUES ('B72', to_date('03-10-2021', 'MM/DD/RRRR'), to_date('04-11-2021', 'MM/DD/RRRR'), 'V02', 'U40');
INSERT INTO Fall22_S004_3_Booking (BookingID, PickupDate, ReturnDate, VehicleID, UserID) 
VALUES ('B73', to_date('06-25-2021', 'MM/DD/RRRR'), to_date('07-11-2021', 'MM/DD/RRRR'), 'V19', 'U23');
INSERT INTO Fall22_S004_3_Booking (BookingID, PickupDate, ReturnDate, VehicleID, UserID) 
VALUES ('B74', to_date('02-19-2022', 'MM/DD/RRRR'), to_date('04-14-2022', 'MM/DD/RRRR'), 'V22', 'U22');
INSERT INTO Fall22_S004_3_Booking (BookingID, PickupDate, ReturnDate, VehicleID, UserID) 
VALUES ('B75', to_date('05-17-2022', 'MM/DD/RRRR'), to_date('07-06-2022', 'MM/DD/RRRR'), 'V27', 'U24');
INSERT INTO Fall22_S004_3_Booking (BookingID, PickupDate, ReturnDate, VehicleID, UserID) 
VALUES ('B76', to_date('08-29-2021', 'MM/DD/RRRR'), to_date('10-07-2021', 'MM/DD/RRRR'), 'V04', 'U20');
INSERT INTO Fall22_S004_3_Booking (BookingID, PickupDate, ReturnDate, VehicleID, UserID) 
VALUES ('B77', to_date('05-05-2021', 'MM/DD/RRRR'), to_date('06-18-2021', 'MM/DD/RRRR'), 'V13', 'U06');
INSERT INTO Fall22_S004_3_Booking (BookingID, PickupDate, ReturnDate, VehicleID, UserID) 
VALUES ('B78', to_date('04-03-2022', 'MM/DD/RRRR'), to_date('05-11-2022', 'MM/DD/RRRR'), 'V03', 'U26');
INSERT INTO Fall22_S004_3_Booking (BookingID, PickupDate, ReturnDate, VehicleID, UserID) 
VALUES ('B79', to_date('02-17-2022', 'MM/DD/RRRR'), to_date('05-08-2022', 'MM/DD/RRRR'), 'V24', 'U39');
INSERT INTO Fall22_S004_3_Booking (BookingID, PickupDate, ReturnDate, VehicleID, UserID) 
VALUES ('B80', to_date('09-09-2021', 'MM/DD/RRRR'), to_date('11-18-2021', 'MM/DD/RRRR'), 'V21', 'U09');
INSERT INTO Fall22_S004_3_Booking (BookingID, PickupDate, ReturnDate, VehicleID, UserID) 
VALUES ('B81', to_date('04-28-2022', 'MM/DD/RRRR'), to_date('06-28-2022', 'MM/DD/RRRR'), 'V35', 'U37');
INSERT INTO Fall22_S004_3_Booking (BookingID, PickupDate, ReturnDate, VehicleID, UserID) 
VALUES ('B82', to_date('08-16-2021', 'MM/DD/RRRR'), to_date('10-04-2021', 'MM/DD/RRRR'), 'V30', 'U36');
INSERT INTO Fall22_S004_3_Booking (BookingID, PickupDate, ReturnDate, VehicleID, UserID) 
VALUES ('B83', to_date('03-28-2022', 'MM/DD/RRRR'), to_date('04-04-2022', 'MM/DD/RRRR'), 'V20', 'U08');
INSERT INTO Fall22_S004_3_Booking (BookingID, PickupDate, ReturnDate, VehicleID, UserID) 
VALUES ('B84', to_date('02-01-2021', 'MM/DD/RRRR'), to_date('03-22-2021', 'MM/DD/RRRR'), 'V36', 'U35');
INSERT INTO Fall22_S004_3_Booking (BookingID, PickupDate, ReturnDate, VehicleID, UserID) 
VALUES ('B85', to_date('09-15-2021', 'MM/DD/RRRR'), to_date('12-02-2021', 'MM/DD/RRRR'), 'V24', 'U37');
INSERT INTO Fall22_S004_3_Booking (BookingID, PickupDate, ReturnDate, VehicleID, UserID) 
VALUES ('B86', to_date('08-04-2021', 'MM/DD/RRRR'), to_date('09-27-2021', 'MM/DD/RRRR'), 'V39', 'U06');
INSERT INTO Fall22_S004_3_Booking (BookingID, PickupDate, ReturnDate, VehicleID, UserID) 
VALUES ('B87', to_date('01-24-2022', 'MM/DD/RRRR'), to_date('02-14-2022', 'MM/DD/RRRR'), 'V38', 'U28');
INSERT INTO Fall22_S004_3_Booking (BookingID, PickupDate, ReturnDate, VehicleID, UserID) 
VALUES ('B88', to_date('02-23-2021', 'MM/DD/RRRR'), to_date('05-15-2021', 'MM/DD/RRRR'), 'V28', 'U09');
INSERT INTO Fall22_S004_3_Booking (BookingID, PickupDate, ReturnDate, VehicleID, UserID) 
VALUES ('B89', to_date('03-30-2022', 'MM/DD/RRRR'), to_date('05-19-2022', 'MM/DD/RRRR'), 'V10', 'U26');
INSERT INTO Fall22_S004_3_Booking (BookingID, PickupDate, ReturnDate, VehicleID, UserID) 
VALUES ('B90', to_date('07-05-2021', 'MM/DD/RRRR'), to_date('08-31-2021', 'MM/DD/RRRR'), 'V35', 'U35');
INSERT INTO Fall22_S004_3_Booking (BookingID, PickupDate, ReturnDate, VehicleID, UserID) 
VALUES ('B91', to_date('03-04-2021', 'MM/DD/RRRR'), to_date('04-20-2021', 'MM/DD/RRRR'), 'V24', 'U04');
INSERT INTO Fall22_S004_3_Booking (BookingID, PickupDate, ReturnDate, VehicleID, UserID) 
VALUES ('B92', to_date('09-01-2021', 'MM/DD/RRRR'), to_date('10-12-2021', 'MM/DD/RRRR'), 'V08', 'U29');
INSERT INTO Fall22_S004_3_Booking (BookingID, PickupDate, ReturnDate, VehicleID, UserID) 
VALUES ('B93', to_date('08-04-2021', 'MM/DD/RRRR'), to_date('08-27-2021', 'MM/DD/RRRR'), 'V03', 'U34');


/*Fall22_S004_3_Penalty*/


INSERT INTO Fall22_S004_3_Penalty (BookingID, PenaltyID, Damage, OverdueDate, PenaltyCharge) 
VALUES ('B07', 'P01', 'Minor', NULL, 20.0);
INSERT INTO Fall22_S004_3_Penalty (BookingID, PenaltyID, Damage, OverdueDate, PenaltyCharge) 
VALUES ('B28', 'P02', 'Major', NULL, 1000.0);
INSERT INTO Fall22_S004_3_Penalty (BookingID, PenaltyID, Damage, OverdueDate, PenaltyCharge) 
VALUES ('B26', 'P03', 'Minor', NULL, 34.0);
INSERT INTO Fall22_S004_3_Penalty (BookingID, PenaltyID, Damage, OverdueDate, PenaltyCharge) 
VALUES ('B17', 'P04', 'Overdue', to_date('03-20-2021', 'MM/DD/RRRR'), 300.0);
INSERT INTO Fall22_S004_3_Penalty (BookingID, PenaltyID, Damage, OverdueDate, PenaltyCharge) 
VALUES ('B30', 'P05', 'Major', NULL, 500.0);
INSERT INTO Fall22_S004_3_Penalty (BookingID, PenaltyID, Damage, OverdueDate, PenaltyCharge) 
VALUES ('B29', 'P06', 'Major', NULL, 700.0);
INSERT INTO Fall22_S004_3_Penalty (BookingID, PenaltyID, Damage, OverdueDate, PenaltyCharge) 
VALUES ('B34', 'P07', 'Overdue', to_date('11-08-2021', 'MM/DD/RRRR'), 310.0);
INSERT INTO Fall22_S004_3_Penalty (BookingID, PenaltyID, Damage, OverdueDate, PenaltyCharge) 
VALUES ('B14', 'P08', 'Major', NULL, 222.0);
INSERT INTO Fall22_S004_3_Penalty (BookingID, PenaltyID, Damage, OverdueDate, PenaltyCharge) 
VALUES ('B16', 'P09', 'Major', NULL, 423.0);
INSERT INTO Fall22_S004_3_Penalty (BookingID, PenaltyID, Damage, OverdueDate, PenaltyCharge) 
VALUES ('B06', 'P10', 'Overdue', to_date('08-16-2022', 'MM/DD/RRRR'), 100.0);
INSERT INTO Fall22_S004_3_Penalty (BookingID, PenaltyID, Damage, OverdueDate, PenaltyCharge) 
VALUES ('B24', 'P11', 'Minor', NULL, 20.0);
INSERT INTO Fall22_S004_3_Penalty (BookingID, PenaltyID, Damage, OverdueDate, PenaltyCharge) 
VALUES ('B32', 'P12', 'Major', NULL, 245.0);
INSERT INTO Fall22_S004_3_Penalty (BookingID, PenaltyID, Damage, OverdueDate, PenaltyCharge) 
VALUES ('B11', 'P13', 'Minor', NULL, 14.0);
INSERT INTO Fall22_S004_3_Penalty (BookingID, PenaltyID, Damage, OverdueDate, PenaltyCharge) 
VALUES ('B25', 'P14', 'Minor', NULL, 17.0);
INSERT INTO Fall22_S004_3_Penalty (BookingID, PenaltyID, Damage, OverdueDate, PenaltyCharge) 
VALUES ('B05', 'P15', 'Major', NULL, 233.0);
INSERT INTO Fall22_S004_3_Penalty (BookingID, PenaltyID, Damage, OverdueDate, PenaltyCharge) 
VALUES ('B18', 'P16', 'Major', NULL, 244.0);
INSERT INTO Fall22_S004_3_Penalty (BookingID, PenaltyID, Damage, OverdueDate, PenaltyCharge) 
VALUES ('B19', 'P17', 'Overdue', to_date('01-20-2022', 'MM/DD/RRRR'), 150.0);
INSERT INTO Fall22_S004_3_Penalty (BookingID, PenaltyID, Damage, OverdueDate, PenaltyCharge) 
VALUES ('B22', 'P18', 'Major', NULL, 432.0);
INSERT INTO Fall22_S004_3_Penalty (BookingID, PenaltyID, Damage, OverdueDate, PenaltyCharge) 
VALUES ('B39', 'P19', 'Minor', NULL, 14.0);
INSERT INTO Fall22_S004_3_Penalty (BookingID, PenaltyID, Damage, OverdueDate, PenaltyCharge) 
VALUES ('B10', 'P20', 'Minor', NULL, 17.0);
INSERT INTO Fall22_S004_3_Penalty (BookingID, PenaltyID, Damage, OverdueDate, PenaltyCharge) 
VALUES ('B33', 'P21', 'Major', NULL, 143.0);
INSERT INTO Fall22_S004_3_Penalty (BookingID, PenaltyID, Damage, OverdueDate, PenaltyCharge) 
VALUES ('B03', 'P22', 'Major', NULL, 155.0);
INSERT INTO Fall22_S004_3_Penalty (BookingID, PenaltyID, Damage, OverdueDate, PenaltyCharge) 
VALUES ('B36', 'P23', 'Overdue', to_date('06-27-2021', 'MM/DD/RRRR'), 100.0);
INSERT INTO Fall22_S004_3_Penalty (BookingID, PenaltyID, Damage, OverdueDate, PenaltyCharge) 
VALUES ('B37', 'P24', 'Major', NULL, 166.0);
INSERT INTO Fall22_S004_3_Penalty (BookingID, PenaltyID, Damage, OverdueDate, PenaltyCharge) 
VALUES ('B08', 'P25', 'Minor', NULL, 23.0);
INSERT INTO Fall22_S004_3_Penalty (BookingID, PenaltyID, Damage, OverdueDate, PenaltyCharge) 
VALUES ('B20', 'P26', 'Major', NULL, 244.0);
INSERT INTO Fall22_S004_3_Penalty (BookingID, PenaltyID, Damage, OverdueDate, PenaltyCharge) 
VALUES ('B04', 'P27', 'Minor', NULL, 23.0);
INSERT INTO Fall22_S004_3_Penalty (BookingID, PenaltyID, Damage, OverdueDate, PenaltyCharge) 
VALUES ('B35', 'P28', 'Minor', NULL, 12.0);
INSERT INTO Fall22_S004_3_Penalty (BookingID, PenaltyID, Damage, OverdueDate, PenaltyCharge) 
VALUES ('B09', 'P29', 'Minor', NULL, 32.0);
INSERT INTO Fall22_S004_3_Penalty (BookingID, PenaltyID, Damage, OverdueDate, PenaltyCharge) 
VALUES ('B02', 'P30', 'Minor', NULL, 14.0);
INSERT INTO Fall22_S004_3_Penalty (BookingID, PenaltyID, Damage, OverdueDate, PenaltyCharge) 
VALUES ('B15', 'P31', 'Minor', NULL, 56.0);
INSERT INTO Fall22_S004_3_Penalty (BookingID, PenaltyID, Damage, OverdueDate, PenaltyCharge) 
VALUES ('B13', 'P32', 'Overdue', to_date('05-25-2021', 'MM/DD/RRRR'), 600.0);
INSERT INTO Fall22_S004_3_Penalty (BookingID, PenaltyID, Damage, OverdueDate, PenaltyCharge) 
VALUES ('B27', 'P33', 'Minor', NULL, 34.0);
INSERT INTO Fall22_S004_3_Penalty (BookingID, PenaltyID, Damage, OverdueDate, PenaltyCharge) 
VALUES ('B21', 'P34', 'Major', NULL, 222.0);
INSERT INTO Fall22_S004_3_Penalty (BookingID, PenaltyID, Damage, OverdueDate, PenaltyCharge) 
VALUES ('B31', 'P35', 'Major', NULL, 353.0);
INSERT INTO Fall22_S004_3_Penalty (BookingID, PenaltyID, Damage, OverdueDate, PenaltyCharge) 
VALUES ('B38', 'P36', 'Minor', NULL, 23.0);
INSERT INTO Fall22_S004_3_Penalty (BookingID, PenaltyID, Damage, OverdueDate, PenaltyCharge) 
VALUES ('B23', 'P37', 'Overdue', to_date('04-24-2021', 'MM/DD/RRRR'), 300.0);
INSERT INTO Fall22_S004_3_Penalty (BookingID, PenaltyID, Damage, OverdueDate, PenaltyCharge) 
VALUES ('B01', 'P38', 'Major', NULL, 219.0);
INSERT INTO Fall22_S004_3_Penalty (BookingID, PenaltyID, Damage, OverdueDate, PenaltyCharge) 
VALUES ('B12', 'P39', 'Major', NULL, 300.0);
